timestamp,data
0x625dfb98,87845.31174
0x625dfbf9,197832.402481553
0x625dfbf9,197894.26061615619
0x625dfbf9,365234.0570570752
0x625dfbf9,760960.7201547844
0x625dfbf9,760960.7201547844
0x625dfbf9,760959.5301169303
0x625dfbf9,2696.4
0x625dfc07,43.40332582
0x625dfc17,7992.0
0x625dfc37,15.55555556
0x625dfc46,73207.1213506675
0x625dfc46,150000.0
0x625dfc65,9971.084
0x625dfc7b,7992.0
0x625dfc7c,62356.43151173919
0x625dfcb8,8526.99036297926
0x625dfcb8,8526.99036297926
0x625dfcb8,2001.93271
0x625dfcc3,270.83689235836556
0x625dfcc3,270.83689235836556
0x625dfcf6,70552.27269301125
0x625dfcf6,23506.783448201277
0x625dfd03,66331.352888
0x625dfd24,109.39240002975048
0x625dfd4d,9930.500339258158
0x625dfd4d,21815.08324489
0x625dfd61,94059.056142
0x625dfd61,150923.65181780333
0x625dfd7d,9.0
0x625dfd99,430.624664840814
0x625dfd99,430.624664840814
0x625dfdbe,19924.462694774764
0x625dfdbe,34857.67223852565
0x625dfe02,303.4118593969952
0x625dfe02,303.4118593969952
0x625dfe0e,19924.462694
0x625dfe0e,34857.672239
0x625dfe34,47.628968
0x625dfe53,5.0
0x625dfe9e,3500.0
0x625dfee3,430.624664
0x625dff21,992.2
0x625dff2f,265.83689235836556
0x625dff85,21815.083245
0x625e0012,2007.8033545724695
0x625e001f,100.0
0x625e003d,100.0
0x625e00ed,10.0
0x625e00ed,992.2
0x625e0102,199800.0
0x625e0138,470331.63879674097
0x625e0138,470301.03475260094
0x625e0138,615.5208652609177
0x625e0151,100.0
0x625e0155,497.2592950715543
0x625e0155,4.351018828118714
0x625e0155,492.9082762434356
0x625e016b,27150.0
0x625e017a,199800.0
0x625e0236,4840.802723627247
0x625e0236,4840.802723627247
0x625e023a,484.697658
0x625e0267,31.153565
0x625e0275,10.010952
0x625e028b,994.0
0x625e02c0,9931.774080821046
0x625e02c6,865.66718719
0x625e037d,1347.672653903903
0x625e0455,100.0
0x625e04fa,2.0
0x625e04ff,4985.045
0x625e0532,9935.52803636648
0x625e054b,99.0
0x625e05eb,10.0
0x625e0605,10.321528
0x625e065f,199800.0
0x625e06e2,100.0
0x625e06ed,2439.9384965339145
0x625e0723,100.0
0x625e0723,1989.0
0x625e0723,30645.0
0x625e0723,40.0
0x625e07f1,315.90242599114174
0x625e07f1,2.7641462274224904
0x625e07f1,313.13827976371925
0x625e07f1,199799.0
0x625e0860,4981.188702802383
0x625e087c,2447.938496
0x625e087c,199799.0
0x625e0880,850.42009704
0x625e088a,100.0
0x625e08b8,1969.1497061155715
0x625e08d2,398689.58467276726
0x625e0911,130.32073149
0x625e092a,1992.882659
0x625e0942,398689.584673
0x625e09e4,24917.47
0x625e0a13,1969.1497061155715
0x625e0a13,130.32073149
0x625e0a2f,1457.0
0x625e0a7e,21191.13
0x625e0a7e,20.0
0x625e0a8c,6939.109320748549
0x625e0ab1,1992.882659
0x625e0ac1,6932.17021
0x625e0b14,9.0
0x625e0b47,99598.22
0x625e0b47,230.0
0x625e0b61,21201.13
0x625e0b72,2061.60708669
0x625e0ba1,99598.22
0x625e0bd6,8707.12427697002
0x625e0bd6,6721.684446249176
0x625e0c52,4961.0
0x625e0c84,20.0
0x625e0caf,1000.0
0x625e0ccc,997.888038
0x625e0d86,91.0
0x625e0d8a,740.5948158042419
0x625e0d8a,740.5948158042419
0x625e0da4,494.0
0x625e0dee,337.23453022
0x625e0e41,198200.0
0x625e0ebe,198200.0
0x625e0f0f,72.63253519999911
0x625e0f0f,72.63253519999911
0x625e0f2a,11954.59720659233
0x625e0f6b,3582.122733553433
0x625e0f9e,11955.403350401202
0x625e0f9e,997.888038
0x625e0f9e,79.108027
0x625e0fce,3582.122733
0x625e0fd8,681.38768574
0x625e1006,999.0
0x625e10a7,410.578455
0x625e10d6,502897.639836
0x625e1102,999.0
0x625e110b,200100.0
0x625e1167,200100.0
0x625e1193,502897.639836
0x625e119b,999.0
0x625e11e6,2520.0
0x625e1229,498750.0
0x625e129f,10.0
0x625e12c3,12349.466746604232
0x625e1302,7235.365316
0x625e130b,27150.0
0x625e1331,7129.77
0x625e1382,8707.12427769
0x625e13bc,10.0
0x625e141d,1352.48543324
0x625e151c,1352.48543324
0x625e154d,506.8673273922854
0x625e158c,47814.63823705638
0x625e15af,418.0
0x625e1615,56.67533513
0x625e1618,9.0
0x625e1618,9.0
0x625e1618,9.0
0x625e1618,9.0
0x625e169f,1274.5819726177958
0x625e169f,11.152592256730415
0x625e169f,1263.4293803610656
0x625e16e7,418.0
0x625e1780,19993.3
0x625e179d,1507.0
0x625e185f,41555.088611847146
0x625e18ac,19993.3
0x625e18f1,99141.64058922736
0x625e18f1,99141.64058922736
0x625e18f1,99141.64058922736
0x625e1985,99924.122048
0x625e1ac7,81970.0
0x625e1b73,1347.24994037
0x625e1b82,81970.0
0x625e1c2d,102372.50388871068
0x625e1cac,4.960396
0x625e1cef,2429.890095362037
0x625e1cef,744.2110206
0x625e1cf8,26606.816604
0x625e1de3,99.65122073
0x625e1dee,1347.24994
0x625e1dee,506.867327
0x625e1e06,2713.2711556175227
0x625e1e06,2713.2711556175227
0x625e1ed9,2713.271155
0x625e1f0f,13071.75581731184
0x625e1f37,66469.3639926488
0x625e1f6e,30645.0
0x625e1f6e,726.819541
0x625e1f6e,9782.522343
0x625e1f87,1.0
0x625e1fc5,1928.0
0x625e1fc5,603.130115
0x625e1fc5,2144.13980334
0x625e204a,3090.91
0x625e20a7,4994.0
0x625e210b,8238.1
0x625e2110,993.64416452
0x625e21d5,1018.62221596
0x625e21dd,1978.26233516
0x625e21dd,5140.94763127
0x625e21dd,1844.49
0x625e220e,305.70084879
0x625e220e,624.287272
0x625e220e,136424.53
0x625e220e,3000.999
0x625e2214,536.43
0x625e2214,24939.66
0x625e2259,100.0
0x625e2261,17.51948357
0x625e226c,9.0
0x625e2281,629.9316733230572
0x625e2281,629.9316733230572
0x625e229e,4966.01
0x625e229e,3863.0
0x625e229e,24892.88
0x625e22ac,996.5122072745392
0x625e22e5,56052.89877895308
0x625e22f0,7972.09765819
0x625e22f4,917.21733829
0x625e22f4,1956.504468
0x625e22f4,2300.0
0x625e22f4,940.39305702
0x625e22f4,14199.0
0x625e22f4,2620.0
0x625e22f4,3185.531
0x625e2324,9994.350793
0x625e23bf,99.0
0x625e23bf,996.5122072745392
0x625e23e4,16990.0
0x625e23f8,66369.363992
0x625e2434,15.0
0x625e245c,605.36
0x625e24d1,3551.73
0x625e24d6,270.83689235836556
0x625e2502,10.0
0x625e2525,14000.0
0x625e2558,278.67508341920984
0x625e258c,2007.7664143
0x625e258c,2012.882659
0x625e25cd,925.0
0x625e25f9,13799.929906
0x625e25f9,205.90824156611706
0x625e2605,15289.999090057992
0x625e2686,100.0
0x625e271a,225.0
0x625e271a,278.675083
0x625e273b,1337.733886043907
0x625e27b6,4979.208371370137
0x625e27f1,13802.929906
0x625e282d,225.0
0x625e2890,1769.322460209488
0x625e2907,13902.929906
0x625e2928,15.0
0x625e29f6,4979.208372
0x625e2a24,9929.254689734948
0x625e2a37,4.0
0x625e2b4a,10000.0
0x625e2b7d,2808.2690306414456
0x625e2ba6,117485.45185
0x625e2bb5,662.55107125
0x625e2bc3,1500.0
0x625e2c4f,2808.0
0x625e2cc2,1337.733886043907
0x625e2cce,15289.676103
0x625e2d02,0.0019198594519875
0x625e2d82,17982.0
0x625e2dfc,17.11012597
0x625e2e03,1.0
0x625e2e3a,17981.00000058456
0x625e2e46,200.0
0x625e2ed5,268.0
0x625e2f0b,9.0
0x625e2fc0,27540.961835353428
0x625e2fce,9971.084
0x625e2fce,17289.57
0x625e2fce,268.0
0x625e2fce,1263.4293809310655
0x625e2ff1,9946.29302364177
0x625e3001,24917.47
0x625e303d,10.0
0x625e3127,40992.363268433255
0x625e3127,59.81012481075534
0x625e3127,3700.0
0x625e321c,27540.961835353428
0x625e3229,19.0
0x625e323d,59.81012481075534
0x625e3251,30042.26664241298
0x625e3251,30042.26664241298
0x625e3251,30042.26664241298
0x625e3251,30042.26664241298
0x625e32b3,47.0
0x625e3321,10.0
0x625e3321,19.0
0x625e3360,50.0
0x625e3365,47.0
0x625e33ce,19597.255897094994
0x625e341f,1.0
0x625e341f,9940.85
0x625e343b,19.0
0x625e3475,50.85017434841531
0x625e3475,0.44493902554863396
0x625e3475,50.40523532286667
0x625e3475,100.0
0x625e34c6,37879.38696
0x625e34df,6366.873257548894
0x625e3501,6360.506383
0x625e3560,50.0
0x625e360b,37879.38696
0x625e3660,1567.0098753165482
0x625e3669,100.0
0x625e3691,19923.286813785886
0x625e3781,41.37564028
0x625e3836,41.37564028
0x625e383a,49.0
0x625e3844,62156.629041
0x625e3885,49853.898349
0x625e38a4,599.0
0x625e38f9,846.404785
0x625e3932,9025.050120854074
0x625e3932,9025.050120854074
0x625e3932,5.0
0x625e3984,124.28635113877917
0x625e3992,49897.898349988434
0x625e3992,856.404785
0x625e399c,599.0
0x625e39d1,100751.8127460619
0x625e3a0e,100751.8127460619
0x625e3a2c,100.0
0x625e3b85,10.0
0x625e3bfa,19823.286814
0x625e3c13,3480.00000074
0x625e3ca6,3480.00000074
0x625e3cf6,499.0
0x625e3d31,3877.961068
0x625e3dd5,10964.083646719366
0x625e3e25,499.0
0x625e3e46,4014.225693848959
0x625e3f41,946.51
0x625e3f76,10000.0
0x625e4014,946.51
0x625e4061,10000.0
0x625e415d,2900.0
0x625e415d,2900.0
0x625e418a,1000.0
0x625e418d,72.7
0x625e4220,151.47171168
0x625e4237,249850.0
0x625e4239,34389.0
0x625e42f1,10964.08364728558
0x625e443b,494.34969062119563
0x625e443b,490.0241308282602
0x625e443b,4.3255597929354614
0x625e4496,190.0
0x625e44c7,14432.28
0x625e4544,49818.592924489276
0x625e4544,49818.592924489276
0x625e4544,49818.592924489276
0x625e4544,49818.592924489276
0x625e4544,49818.592924489276
0x625e4544,284239.0
0x625e4550,17289.57
0x625e45ab,4000.0
0x625e4621,2470.0
0x625e4674,190.0
0x625e46cb,255.57060456611705
0x625e46df,1492.811994
0x625e48f2,146.84
0x625e4923,298.75552471344974
0x625e496c,2253.591853602388
0x625e496c,2253.591853602388
0x625e496c,543.34768
0x625e49e5,48964.64462837294
0x625e4a1d,529.28280966
0x625e4aa3,3465.0
0x625e4b5d,298.7555250777767
0x625e4bda,87.07
0x625e4c58,89.68609865
0x625e4d67,1001.302428
0x625e4dc8,92.76099909
0x625e4e81,1001.302428
0x625e4e81,1001.302428
0x625e4eda,92.760999
0x625e4f11,996.4916978254992
0x625e4fb0,55381.138815500584
0x625e4fb0,55381.138815500584
0x625e4ff8,3465.0
0x625e4ffc,1089.0
0x625e502c,996.4916978254992
0x625e5086,15948.29
0x625e5086,3475.2409574931658
0x625e50c2,3475.2409574931658
0x625e514e,3475.2409574931658
0x625e51ae,1000.0
0x625e51f5,49.0
0x625e5343,146.47843866
0x625e5343,2808.0
0x625e5343,9950.85
0x625e5343,221.05668419
0x625e53b4,31.0
0x625e550d,89.68609865
0x625e5597,47000.0
0x625e55ef,89.68609865
0x625e55ef,47000.0
0x625e565d,1.3357121581671256
0x625e5691,1499.06286452
0x625e56ee,5792.74707149
0x625e56ee,242.566055
0x625e572c,30.0
0x625e572c,29.7375
0x625e572c,0.2625
0x625e57d4,1000.0
0x625e57d4,991.25
0x625e57d4,8.75
0x625e58e8,57048.89352469
0x625e595d,146.84
0x625e598d,45324.42653619237
0x625e59ea,28856.250583507597
0x625e59ea,28603.758390901905
0x625e59ea,252.49219260569149
0x625e59fa,146.84
0x625e5a46,599.0
0x625e5a96,44684.98883798089
0x625e5aa7,25000.0
0x625e5aa7,25000.0
0x625e5ae7,5.9
0x625e5b1b,1000.0
0x625e5b1b,1000.0
0x625e5b31,10.0
0x625e5b62,44995.648155677976
0x625e5b86,599.0
0x625e5c04,4983.61784183795
0x625e5c04,2494.6030030486345
0x625e5c04,2489.0148387893155
0x625e5c8d,1.0
0x625e5c93,7123.3210061824475
0x625e5c93,1000.0
0x625e5caa,7116.197684
0x625e5caa,118.65571695839556
0x625e5cb2,8598.036387006941
0x625e5cd4,10487.02274487219
0x625e5cdf,10000.0
0x625e5cdf,10000.0
0x625e5d28,1000.0
0x625e5d39,15004.81903472801
0x625e5d83,9992.372511780177
0x625e5dfd,44.250889479399525
0x625e5dfd,44.250889479399525
0x625e5e07,1.80225266
0x625e5e26,10723.0
0x625e5e5c,10.0
0x625e5e6b,2050.276320171575
0x625e5e6b,17.942934518206197
0x625e5e6b,2032.3333856533689
0x625e5f67,8063.928
0x625e6066,10477.022744
0x625e6078,899.0
0x625e60ac,13525.707266651683
0x625e613b,919.5961088242684
0x625e6146,999.0
0x625e61d7,13525.707266
0x625e61eb,19980.0
0x625e626f,49040.91
0x625e637b,45472.686441981015
0x625e6396,9.0
0x625e6396,70918.0
0x625e6453,689.78
0x625e6470,1089.0
0x625e653a,1499.06286452
0x625e65c6,23978.699581
0x625e65ff,4624.35
0x625e6671,15958.29
0x625e6675,15004.81903472801
0x625e66cb,1110.897
0x625e687d,6877.558527
0x625e687d,6916.136306565079
0x625e68ab,23987.699581
0x625e68e1,309.0
0x625e6927,21060.572495898392
0x625e6a16,8063.928
0x625e6a60,10000.0
0x625e6b18,10000.0
0x625e6b2e,8063.928
0x625e6b76,769.9997379067131
0x625e6c41,10733.0
0x625e6c47,15342515.0
0x625e6c63,20867.27811840221
0x625e6c63,20867.27811840221
0x625e6c79,2180.392267217091
0x625e6cad,149.0
0x625e6cd8,12018.341386
0x625e6d34,10036.982104666758
0x625e6d34,10036.982104666758
0x625e6d3e,1192.973643180634
0x625e6d3e,2564.8755213496925
0x625e6d62,12049.626590382399
0x625e6d9e,17541.53467802253
0x625e6d9e,17541.53467802253
0x625e6dd9,925.7721587889959
0x625e6de3,9969.096
0x625e6e08,12129.801376088119
0x625e6e8f,21060.572495898392
0x625e6e8f,21060.572495898392
0x625e6eb8,105.0
0x625e6eb8,105.0
0x625e6ed4,4999.995
0x625e6f70,4999.995
0x625e6ff0,73158.08979259738
0x625e6ff0,73158.08979259738
0x625e6ff0,16166.33094
0x625e708e,248973.99137032
0x625e70bd,10.0
0x625e70bd,919.1445441562987
0x625e70c6,4624.35
0x625e712c,5.0
0x625e719b,424.66138972
0x625e720c,424.66138972
0x625e7247,1789.744441
0x625e7247,248968.99137
0x625e7298,7503.14055
0x625e7298,7548.933743284254
0x625e735b,1789.744441
0x625e739a,94.82973983007808
0x625e7471,1976.0141839530565
0x625e748b,777000.0
0x625e7515,8767.738521
0x625e7515,8829.039665530958
0x625e752a,6977.671
0x625e7550,94.81342857439935
0x625e75bf,24761.102209160897
0x625e75bf,24761.102209160897
0x625e75bf,14194.66829
0x625e7620,4000.0
0x625e76b8,5485.633503716726
0x625e76fe,47.00969861
0x625e76fe,1000.0
0x625e77c6,3000.0
0x625e77f3,20079.9
0x625e7833,1000.0
0x625e78fe,9990.0
0x625e7929,20079.9
0x625e7941,105.495352
0x625e7a5d,777000.0
0x625e7bfb,119627.0924040099
0x625e7bfb,119627.0924040099
0x625e7d3c,42000.0
0x625e7dac,21928.224564550568
0x625e7ddb,9990.0
0x625e7ece,5460.238734370197
0x625e7ece,5460.238734370197
0x625e7ee7,42000.0
0x625e7ee7,42000.0
0x625e7efb,2063.4475020041036
0x625e7f26,50000.0
0x625e7f38,9966.435687814477
0x625e7f38,9966.435687814477
0x625e7f65,1892.265736
0x625e7fe6,94.47240456240222
0x625e7ff2,1021.62359728
0x625e803c,210.624946
0x625e803c,50.0
0x625e8054,94.47366901228324
0x625e8098,12487.5
0x625e8098,94.82754347866148
0x625e8136,5517.8350483659
0x625e8136,5517.8350483659
0x625e8136,50000.0
0x625e820b,46861.76898735346
0x625e820b,46861.76898735346
0x625e820b,11176.76893
0x625e820b,21878.224565
0x625e828e,90.0
0x625e828e,130614.0
0x625e828e,10721.65
0x625e829a,2492.97
0x625e82b6,609.2375930592119
0x625e836a,74.5
0x625e8382,9966.435687
0x625e83b1,25779.85819548
0x625e8576,94.5371891776525
0x625e8719,72917.0
0x625e8883,12487.5
0x625e8883,1892.265736
0x625e8883,10721.65
0x625e88b1,25869.85819548
0x625e8929,1989.9279893835403
0x625e89d9,3325.808665376707
0x625e8b1d,997400.4348783676
0x625e8bb3,1.0
0x625e8bcc,10628.550605705634
0x625e8bcc,10628.550605705634
0x625e8bf6,17.110125
0x625e8c22,997399.4348783676
0x625e8c4b,1079.8292969044837
0x625e8c4b,1079.8292969044837
0x625e8c4b,323.9487890713451
0x625e8c4b,325.912043707046
0x625e8c4b,649.8608327783911
0x625e8c74,3325.808665
0x625e8ca9,130614.0
0x625e8ca9,2492.97
0x625e8cef,6004.0
0x625e8dcb,7120.220113
0x625e8e03,567.9539746354768
0x625e8e03,1021.62359728
0x625e8e03,210.624946
0x625e8e9d,190702.0
0x625e8f20,100.0
0x625e8fee,190702.0
0x625e90cb,1000.0
0x625e9134,500.0
0x625e91be,2500.0
0x625e92a4,832.4770577342296
0x625e92a4,825.1928834790551
0x625e92a4,7.284174255174509
0x625e92a4,2600.0
0x625e933a,39998.973865676104
0x625e935d,6979.063
0x625e93b4,2700.0
0x625e9477,33910.49641670499
0x625e94b0,100.0
0x625e9509,2886.006523
0x625e9571,732.1001911182409
0x625e9571,6.405876666784276
0x625e9571,725.6943144514565
0x625e95d3,1570.0
0x625e962c,39898.973865
0x625e9645,72917.0
0x625e9753,1100.0
0x625e975b,1098.8086866598715
0x625e9781,4828.5
0x625e97a3,499.0
0x625e9867,504.0
0x625e988f,499.0
0x625e9a11,33910.49641670499
0x625e9a45,255.01743432087434
0x625e9a6b,4.0
0x625e9a6b,1570.0
0x625e9a6b,5721.25324
0x625e9b0a,418581.0
0x625e9b68,133449.85128694045
0x625e9b71,249.6734165563936
0x625e9bd8,75000.0
0x625e9c8c,418581.0
0x625e9c8c,32.56833956
0x625e9cee,5650.0
0x625e9cf2,1800.198
0x625e9d23,19093.0
0x625e9d44,5650.0
0x625e9d51,4983.058
0x625e9d51,4828.5
0x625e9d66,2304.198
0x625e9d66,7452.693174
0x625e9d66,1408.59
0x625e9d66,0.19450774
0x625e9d8d,19061.161282836256
0x625e9d8d,996.1394956222452
0x625e9d9d,33910.49641670499
0x625e9de9,101276.8210183316
0x625e9dfe,1998.38369655
0x625e9e3c,58449.851287
0x625e9eeb,249.6734165563936
0x625ea01b,9968.102
0x625ea0be,10.0
0x625ea134,1408.59
0x625ea192,886201.3004917421
0x625ea192,886201.3004899883
0x625ea1a6,5650.0
0x625ea1b9,29.895366218236173
0x625ea1e1,5617.67610366
0x625ea1ee,100.0
0x625ea1f5,5650.0
0x625ea21d,5617.67610366
0x625ea260,614.0
0x625ea279,29.895366218236173
0x625ea312,7500.0
0x625ea323,12300.519698
0x625ea413,13895.1838
0x625ea455,7500.0
0x625ea456,1998.383696
0x625ea498,607.62400718
0x625ea623,14194.670842156358
0x625ea67c,8784.207
0x625ea774,56.65135123
0x625ea79a,53.65411988
0x625ea7a9,8784.207
0x625ea7b7,14240.853547
0x625ea7b7,14362.14364490432
0x625ea7e6,9942.97610648958
0x625ea7e6,9942.97610648958
0x625ea852,500.0
0x625ea8c3,90.0
0x625ea91a,607.6240081258939
0x625ea91a,602.3072980547923
0x625ea91a,5.316710071101571
0x625ea96d,196.60240861639315
0x625ea96d,196.60240861639315
0x625ea96d,100205.16936376927
0x625ea96d,100205.16936376927
0x625ea96d,100205.16936376927
0x625ea96d,100205.16936376927
0x625ea96d,100205.16936376927
0x625ea9df,500.0
0x625ea9df,53.65412
0x625eaa83,67131.0
0x625eaa9a,190695.0
0x625eaac3,0.3693
0x625eaac3,36.5607
0x625eaac3,36.5607
0x625eaaf9,190695.0
0x625eab2a,146.47843866
0x625eab56,7452.693174
0x625eab73,498.54206415
0x625eaba1,6978.367
0x625eabb0,146.47843866
0x625eabef,71224.638794
0x625eac47,100.0
0x625eac98,2137.0362851792356
0x625eadaa,495.89
0x625eadd9,1078.92
0x625eae03,1078.0
0x625eae25,2137.036285
0x625eae56,25003.591282390444
0x625eae56,25003.591282390444
0x625eae56,25003.591282390444
0x625eae92,25003.591282390444
0x625eaed1,8716.58927338488
0x625eaed1,8716.58927338488
0x625eaed1,8716.58927338488
0x625eaed1,8716.58927338488
0x625eaed1,8716.58927338488
0x625eaed1,7720.248457063714
0x625eaed1,7720.248457063714
0x625eaed1,7720.248457063714
0x625eaed1,7720.248457063714
0x625eaed1,7720.248457063714
0x625eaed1,5165.935981358302
0x625eaed1,5165.935981358302
0x625eaed1,5165.935981358302
0x625eaed1,5165.935981358302
0x625eaed1,5165.935981358302
0x625eaf04,1.0000005944315604
0x625eaf2a,250000.0
0x625eaf34,67221.0
0x625eaf50,250000.0
0x625eaf62,14650.0
0x625eaf86,500000.0
0x625eafaa,150000.0
0x625eb01b,100.0
0x625eb085,1.0000005944315604
0x625eb10a,7689.27
0x625eb1ca,487.14640415
0x625eb200,14650.0
0x625eb214,214.0
0x625eb239,5733.521819809683
0x625eb239,5733.521819809683
0x625eb239,5733.521819809683
0x625eb239,10.41396509
0x625eb3e1,54.0
0x625eb3e1,3043.008308642681
0x625eb476,7689.27
0x625eb4b4,499.0
0x625eb4b4,9990.0
0x625eb4e2,3043.008308642681
0x625eb502,54.0
0x625eb5b4,9990.0
0x625eb611,9962.72
0x625eb652,20000.0
0x625eb6cb,3737.434437
0x625eb6e1,14957.057305364458
0x625eb727,5733.521819809683
0x625eb727,5733.521819809683
0x625eb735,89.35
0x625eb769,13492.607996519853
0x625eb7d6,487.146404
0x625eb815,11416.21044116405
0x625eb815,499.0
0x625eb84f,6979.063
0x625eb87a,11338.109036288683
0x625eb8e5,9962.720000847801
0x625eb908,6057.08685
0x625eb908,214284.70216654922
0x625eb908,214284.70216654922
0x625eb908,214284.70216654922
0x625eb908,214284.70216654922
0x625eb908,214284.70216654922
0x625eb957,990.26
0x625eb957,981.595225
0x625eb957,8.664775
0x625eb957,20000.0
0x625eb9a9,9962.720000847801
0x625eb9d8,6057.08685
0x625eba09,1000.998
0x625eba18,999.0
0x625eba2b,6979.063
0x625eba2b,90273.0
0x625eba50,10628.550605
0x625eba92,13886.1
0x625eba92,100.0
0x625ebac1,12300.519698
0x625ebacb,8511.891767142224
0x625ebacb,149990.0
0x625ebacb,1000.998
0x625ebafb,14885.100000010918
0x625ebb09,7538.859682542932
0x625ebb7d,19.0
0x625ebcd5,8333.658097
0x625ebd3d,8789.709185696374
0x625ebddf,9808.15928215
0x625ebe4c,502918.696141
0x625ebe6b,2818.7053530202234
0x625ebe6b,2818.7053530202234
0x625ebe82,9969.096
0x625ebeb7,502918.696141
0x625ebed0,1707.608695
0x625ebedd,240000.0
0x625ebeeb,999.376811
0x625ebeeb,15373.322775546574
0x625ebef8,498750.0
0x625ebf01,40949.93
0x625ebf31,170345.0
0x625ebfc3,14500.0
0x625ebfc3,92.811994
0x625ebfef,1723.088985181893
0x625ebffb,45.0
0x625ec053,9000.0
0x625ec053,99.0
0x625ec094,997.5062344139651
0x625ec0fd,90273.0
0x625ec134,1400.0
0x625ec13c,9966.115
0x625ec154,99.0
0x625ec154,997.5062344139651
0x625ec154,42.32752703
0x625ec167,1876.3942163435702
0x625ec167,1876.3942163435702
0x625ec18f,4974.851236294359
0x625ec18f,4974.851236294359
0x625ec18f,4975.043095155611
0x625ec19a,279952.42376558605
0x625ec1a9,10.0
0x625ec1ee,4200.795
0x625ec254,279952.42376558605
0x625ec2d3,4200.795
0x625ec2ed,170345.0
0x625ec2ed,214.0
0x625ec2ed,9897.50928215
0x625ec2ed,10760.483513
0x625ec2ed,999.376811
0x625ec324,9966.115
0x625ec324,2500.0
0x625ec371,11000.0
0x625ec39d,8622.016054597842
0x625ec3be,100.0
0x625ec3d5,8613.394037
0x625ec3dc,53252.94096833651
0x625ec3dc,35.068541255958024
0x625ec3dc,53217.87242708055
0x625ec3dc,53217.87242708055
0x625ec3dc,53217.87242708055
0x625ec492,6014.0
0x625ec492,495.89
0x625ec4ce,10.0
0x625ec4ce,99.75062344
0x625ec511,7857.516559
0x625ec511,7907.776460270694
0x625ec52c,229.0
0x625ec5de,229.0
0x625ec5de,138.50444927744363
0x625ec5de,138.50444927744363
0x625ec5eb,4975.043095
0x625ec5fd,324.172
0x625ec626,270.181348255596
0x625ec660,13097.575684
0x625ec660,13223.58522808025
0x625ec660,3891.0
0x625ec6b4,100.0
0x625ec6c7,14972.469406217417
0x625ec6c7,14972.469406217417
0x625ec709,1.0
0x625ec727,1.0
0x625ec72b,29.0
0x625ec72b,99.0
0x625ec72b,440429.8
0x625ec77b,3737.434437
0x625ec793,61252.7962798212
0x625ec793,93389.0
0x625ec7bf,93389.0
0x625ec7e6,5931.401242
0x625ec7e6,61252.79628
0x625ec7fa,99.0
0x625ec7fc,1.0
0x625ec816,681.8377789830064
0x625ec81f,7870.553168488999
0x625ec81f,1592.406
0x625ec81f,109994.23197362627
0x625ec864,15000.0
0x625ec86e,6043.95
0x625ec883,7862.682614
0x625ec892,10950.0
0x625ec894,1093.905
0x625ec8ab,497.91657541
0x625ec8ab,978.39381617
0x625ec8d0,18194.287995402472
0x625ec8e8,4821.003957116592
0x625ec8e8,12987.0
0x625ec8fb,3104.5774595286894
0x625ec916,6043.95
0x625ec916,682.4
0x625ec933,5042.6455239
0x625ec933,1592.406
0x625ec933,1093.905
0x625ec96e,3901.0
0x625ec96e,13016.000000678407
0x625ec982,47952.0
0x625ec9ab,42.32752703
0x625ec9f6,7599.070502016609
0x625eca15,7591.471431
0x625eca83,2.30024078
0x625eca83,10000.0
0x625eca90,47952.0
0x625eca90,42.32752703
0x625ecac0,55094.266643
0x625ecb48,14600.0
0x625ecb79,29170.8
0x625ecbf1,2638.735834
0x625ecc6a,40624.48267960957
0x625ecc77,497.916575
0x625ecca2,7155.058161238572
0x625ecca2,40624.482679
0x625eccb6,7147.903102
0x625eccb6,417.0
0x625eccfc,12820.54
0x625ecd84,5994.0
0x625ecdcc,417.0
0x625ecdcc,488.77805486
0x625ecdcc,50.08
0x625ecdcc,299.25187032
0x625ecdee,7372.61
0x625ecdf0,15485.385307
0x625ecdf0,15621.197733636951
0x625ecdf0,14600.0
0x625ecdf0,2362.768724361109
0x625ecdf0,2362.768724361109
0x625ecdf0,338.72926684841485
0x625ecdf0,2.96388108492363
0x625ecdf0,335.7653857634912
0x625ece86,2638.735834
0x625ece8f,626.67
0x625eceb1,440429.8
0x625eceb9,1856.7117219941938
0x625ecec5,5994.0
0x625ecedc,7992.0
0x625ecef1,529.2
0x625ecf00,7992.0
0x625ecfcd,626.67
0x625ecfe9,5982.226955942563
0x625ed07d,5982.226956
0x625ed07d,196357.0
0x625ed07d,249850.0
0x625ed094,249849.0
0x625ed09b,36510.0
0x625ed0a2,249847.0
0x625ed0ae,219293.0
0x625ed0de,2146.0
0x625ed103,499.0
0x625ed132,9925.1688887448
0x625ed21a,200999.99172754784
0x625ed2af,100.0
0x625ed33d,2674.07685361
0x625ed385,15000.0
0x625ed3ae,8023.666822769114
0x625ed3d5,29570.4
0x625ed3d5,8015.643155
0x625ed3ed,820.25253407
0x625ed413,3155.06016
0x625ed461,19980.0
0x625ed474,4.0
0x625ed4dc,5488.15
0x625ed4f3,15.0
0x625ed545,61.338942766836766
0x625ed545,61.338942766836766
0x625ed550,9.0
0x625ed59c,1119.50440439
0x625ed5e5,33.38494252
0x625ed5f1,24975.0
0x625ed65d,677.98
0x625ed68b,24973.9462946372
0x625ed69e,3103.2241436980667
0x625ed6d3,15.0
0x625ed75c,6419.574
0x625ed7bd,433.644
0x625ed7d6,200899.99172754784
0x625ed7e3,8606.956930351835
0x625ed808,7969.702826607408
0x625ed808,26384.574
0x625ed81a,8598.349973
0x625ed81a,7961.733123
0x625ed836,7958.836248623178
0x625ed857,311.58830575
0x625ed857,5488.15
0x625ed8a2,7699.336797008966
0x625ed8a2,7177.276169711369
0x625ed8cf,77630.0
0x625ed8de,7950.877411
0x625ed8de,26399.574
0x625ed92d,967.149495
0x625ed942,10217.229246942596
0x625ed942,10217.229246942596
0x625ed954,311.58830575
0x625ed954,1754.0
0x625ed9ad,99.0
0x625ed9ad,2.0
0x625ed9cb,61.338942766836766
0x625ed9f9,7699.336797008966
0x625ed9f9,7631.967600035137
0x625ed9f9,67.36919697382845
0x625eda3b,10.0
0x625eda63,9955.40443197
0x625eda63,1754.0
0x625eda7a,10009.98
0x625edad8,109.57175387173177
0x625edae7,11685.467518612028
0x625edae7,11685.467518612028
0x625edae7,80006.55604357013
0x625edb0c,10009.98
0x625edb2a,110.0
0x625edb78,5047.650593099361
0x625edb78,5288.4785087495975
0x625edb78,99.0
0x625edb78,110.0
0x625edba0,11761.005487
0x625edba9,49816.23978426049
0x625edbfb,9967.996093917332
0x625edc61,10009.98
0x625edc99,200999.99172754784
0x625edc99,1856.7117219941938
0x625edcb1,11.46447812
0x625edce8,996759.1394192588
0x625edd12,11685.467518612028
0x625edd12,11583.219677824172
0x625edd12,102.24784078785524
0x625edd12,29967.003
0x625edd12,10.62
0x625edd1c,20.32820262
0x625edd47,5047.650593
0x625edd57,3155.06016
0x625edd70,10217.229246942596
0x625edd70,10217.229246942596
0x625edd70,2774.07685361
0x625edd8c,29967.003
0x625edda1,1340.09387
0x625edded,20.328202
0x625ede29,56763.43891070014
0x625ede29,199163.62901814393
0x625ede29,286822.05652566784
0x625ede29,394302.87894096173
0x625ede29,1111248.148098985
0x625ede29,1991536.7125837586
0x625ede29,1991536.7125837586
0x625ede29,56763.43891070014
0x625ede29,4965.0
0x625ede4c,210451.0
0x625ede6a,261546.03029122343
0x625ede6a,261546.02767576315
0x625ede6a,10.0
0x625ede6e,77535.79552881118
0x625edede,36143.2990133456
0x625edf2a,200964.17849636675
0x625edf2a,803712.0296822126
0x625edf2a,71.97430399987093
0x625edf2a,1004604.2338745795
0x625edf2a,1004604.2338745795
0x625edf2a,800976.1134868399
0x625edf2a,800976.1134868399
0x625edf55,8791.2
0x625edf94,209781.94519055405
0x625edf94,209781.94309273458
0x625edfc1,0.9698275862
0x625edfc1,96.0129310338
0x625edfc1,96.0129310338
0x625edfc1,8472.334
0x625edfe0,9.89711757971334
0x625ee002,8791.200000312485
0x625ee03b,182.02
0x625ee05d,9955.40443197
0x625ee09c,179383.99178569
0x625ee128,4994.51
0x625ee14d,6540.0
0x625ee1b4,1449.0879507510547
0x625ee1b4,1449.0879507510547
0x625ee1b4,59.64170274500391
0x625ee1cc,810.46
0x625ee1d1,9476.08
0x625ee246,75940.0
0x625ee29f,6540.0
0x625ee2e7,199.0
0x625ee2e7,1322373.4225656947
0x625ee2e7,1321517.262569782
0x625ee33c,30.0
0x625ee3cd,335.7653857634912
0x625ee3ea,179383.99178569
0x625ee425,1321517.262569782
0x625ee425,1322373.4225656947
0x625ee496,199.0
0x625ee496,199.0
0x625ee4c4,374133.5254141877
0x625ee4c4,374133.5254141877
0x625ee4c4,102054.93789
0x625ee4c4,1970.0
0x625ee4ef,268.67
0x625ee536,4996.103570025061
0x625ee59f,24926.937866
0x625ee59f,1970.0
0x625ee5b4,5103.090067170119
0x625ee5d2,129.76558603
0x625ee5e3,23828.454333340156
0x625ee5e3,1000.0
0x625ee62c,10011.3528916541
0x625ee62c,24926.937866
0x625ee62c,24926.937866
0x625ee64a,1491.377154
0x625ee652,5393.205179
0x625ee652,4998.0
0x625ee66e,5102.0
0x625ee6a2,810.46
0x625ee6c1,50.0
0x625ee78e,250000.0
0x625ee7cf,250000.0
0x625ee801,19991.36
0x625ee801,375000.0
0x625ee801,125000.0
0x625ee872,4979.581723
0x625ee902,1063.45
0x625ee926,15971.54
0x625ee927,986.73
0x625ee962,10.0
0x625ee967,49.0
0x625ee9f1,19991.36
0x625ee9f1,500.0
0x625eea0a,5.0
0x625eea67,49.0
0x625eea67,5000.517366
0x625eea96,175900.0
0x625eeaa8,129.765586
0x625eeaff,5001.517366
0x625eeb1f,4990.227318
0x625eeb2b,1.0
0x625eeba2,1449.08795
0x625eebc5,500.0
0x625eebc5,398.6753542444488
0x625eebc5,398.6753542444488
0x625eec21,9997.957603294615
0x625eec55,398.675354
0x625eec6c,312.24005454
0x625eeca2,116.0
0x625eed7f,10.0
0x625eeda6,312.240054
0x625eedd4,10.159865569688021
0x625eedd4,0.08889882373477019
0x625eedd4,10.070966745953251
0x625eee07,5859.1
0x625eee07,10.0
0x625eee17,16001.082292848801
0x625eee17,375.4914390004534
0x625eee4e,10.0
0x625eee60,1354.4
0x625eee9f,14925.0
0x625eef02,4980.227318
0x625eef6e,17.502393142699574
0x625eef6e,17.502393142699574
0x625eef9f,382.2714390004534
0x625eefaa,998900.1
0x625eefc0,1354.4
0x625eefcb,996.72509544
0x625eefe4,4990.227318
0x625ef010,5015.769196
0x625ef05f,2390.0
0x625ef05f,14925.0
0x625ef0d0,998900.1
0x625ef0d0,2702.754181784379
0x625ef0d0,23.649099090613316
0x625ef0d0,2679.105082693766
0x625ef115,21267.478633035804
0x625ef15c,30.0
0x625ef173,44480.09420097818
0x625ef1b0,5025.769196
0x625ef1b0,16001.54
0x625ef207,30.0
0x625ef221,3496.5
0x625ef221,3483.3668853394415
0x625ef239,996.725095
0x625ef2a0,2679.105082693766
0x625ef2a0,2679.105082693766
0x625ef2a0,44.85418337
0x625ef2ce,9476.08
0x625ef304,1040.0
0x625ef316,617.2573360186628
0x625ef377,1723.088985
0x625ef3bc,4995.0
0x625ef3d0,24882.304732
0x625ef3f4,1040.0
0x625ef436,1.0
0x625ef436,0.99125
0x625ef436,0.00875
0x625ef478,156736.95
0x625ef49b,599022.3468554221
0x625ef49b,599012.8441312254
0x625ef49b,8000.0
0x625ef4ad,16000.082292848801
0x625ef4ad,15860.081572786374
0x625ef4ad,140.000720062427
0x625ef4e8,4079.66
0x625ef533,10.0
0x625ef571,156736.95
0x625ef5c7,986.73
0x625ef60c,74765.59146830386
0x625ef60c,653.7156027146553
0x625ef60c,74111.8758655892
0x625ef640,4995.0
0x625ef676,8000.0
0x625ef6d2,1000.0
0x625ef6f0,75.0
0x625ef6f0,99687.06236782901
0x625ef6f0,897233.9490441398
0x625ef6f0,0.5861075748799606
0x625ef6f0,996920.425304394
0x625ef6f0,996920.425304394
0x625ef6f0,4995.0
0x625ef70a,74111.875866
0x625ef727,199.0
0x625ef727,50.0
0x625ef727,400000.0
0x625ef760,400000.0
0x625ef768,196920.0
0x625ef7b3,75.0
0x625ef7f2,79006.556044
0x625ef808,3970.0
0x625ef867,9520.47
0x625ef867,908.14962594
0x625ef895,10.0
0x625ef8a3,9520.47
0x625ef8a3,908.149625
0x625ef8d5,4079.66
0x625ef8d5,24882.304732
0x625ef8d5,44480.09420097818
0x625ef969,3970.0
0x625ef96f,4987.544
0x625ef9ae,3095.96300317
0x625efa22,79495.89329430425
0x625efa22,17.726538186339965
0x625efa22,79478.1667561179
0x625efa22,79478.1667561179
0x625efa22,695.4339591160317
0x625efa22,78782.73279700188
0x625efa59,3095.96300317
0x625efa7d,78782.732797
0x625efa81,2122.0
0x625efa81,2122.0
0x625efad4,1487.05
0x625efad4,124.23788823
0x625efb4b,10065.54799824953
0x625efb4b,10065.54799824953
0x625efbb7,1129.0
0x625efc33,107742.54523365399
0x625efc5d,599.0
0x625efc91,18.43
0x625efcae,1129.0
0x625efcae,107743.0
0x625efccb,599.0
0x625efcf0,3911.58528679
0x625efd01,276505.210109
0x625efd01,178101.0
0x625efd55,6330.46708086
0x625efdf4,276505.210109
0x625efdf4,165903.1260654
0x625efdf4,110602.0840436
0x625efef2,473.39408968
0x625eff01,4000.0
0x625eff6e,300.0
0x625eff96,300.0
0x625eff96,300.0
0x625effc5,996920.0
0x625effc5,1487.05
0x625effc5,5142.39614734
0x625effc5,124.23788823
0x625effc9,677.98
0x625effe3,14925.0
0x625f0042,175.0
0x625f0066,5030.420646
0x625f0088,1984.0
0x625f009e,4.0
0x625f00c6,620.0
0x625f00dc,99.0
0x625f0158,2982.09
0x625f01b7,99.0
0x625f01b7,2200.0
0x625f01fa,21549.530031
0x625f0259,886.32463694
0x625f02fa,45.0
0x625f0304,21549.530031
0x625f0366,10.0
0x625f038a,175.0
0x625f03b6,1370.0656602983597
0x625f03b6,1370.0656602983597
0x625f03b6,126820.310996
0x625f03b6,5521.290636545923
0x625f03d6,40.0
0x625f03d6,18.43
0x625f03e9,16529.267138466665
0x625f0418,59940.0
0x625f044a,2200.0
0x625f0453,144.0
0x625f0469,19332.937757
0x625f0469,1.0
0x625f0469,17841.63611990991
0x625f0469,35549.0
0x625f049c,3013.469714658627
0x625f04dd,1.0
0x625f04f6,660.0
0x625f051d,14919.454168041708
0x625f051d,59940.0
0x625f051d,144.0
0x625f0557,126820.310996
0x625f056a,18.858519
0x625f0590,8202.72
0x625f05b3,3911.585287
0x625f0613,9.50245183
0x625f0613,16529.267138
0x625f06d7,620.0
0x625f078f,4587.705549
0x625f07a9,285.3646197
0x625f0802,1292.141737
0x625f0802,10.0
0x625f08b9,23889.94
0x625f08b9,1990.0
0x625f08ed,12129.801376
0x625f08ed,23889.94
0x625f0941,10450.0
0x625f09a8,5521.290637
0x625f09a8,7998709.708130999
0x625f09c0,149.0
0x625f09f5,98751.15
0x625f09f5,4000.0
0x625f0a26,204.0
0x625f0a92,98751.15
0x625f0ada,149.0
0x625f0af0,14000.0
0x625f0b0f,10787.963573
0x625f0b10,10879.099818159648
0x625f0b10,10000.0
0x625f0b10,10000.0
0x625f0b51,0.9965062502608794
0x625f0b64,5039.359138
0x625f0b67,1255.09302742
0x625f0b85,275.3380202079013
0x625f0b8f,98751.15
0x625f0b9b,19846.245421832387
0x625f0b9b,203.0
0x625f0b9b,153.879622971507
0x625f0bc8,53.76183358
0x625f0c46,1990.0
0x625f0cab,189.83
0x625f0cc4,856896.2405869049
0x625f0cc4,856896.2405869049
0x625f0cc4,856896.2405869049
0x625f0cd2,14925.0
0x625f0cd7,19361.843105
0x625f0cd7,19643.25695258358
0x625f0cf5,10450.0
0x625f0cfb,9926.6947732647
0x625f0cfb,9926.6947732647
0x625f0d12,11120.596459933884
0x625f0d18,10000.0
0x625f0d18,10000.0
0x625f0d29,11109.475862
0x625f0d9b,2947.683978356304
0x625f0db9,529.2
0x625f0db9,1255.09302742
0x625f0dd2,930.33771377
0x625f0dd2,1292.141737
0x625f0e0a,13580.116515166916
0x625f0e0a,64.78399211260088
0x625f0e1a,13566.536398
0x625f0e9c,434.055040944442
0x625f0ebd,856896.0
0x625f0eec,1004.994
0x625f0f1d,21148.16473
0x625f0f1d,21481.974819560535
0x625f0f2b,3981.0
0x625f0f2b,856896.0
0x625f0f4a,9926.752958833267
0x625f0f52,310.0
0x625f0f73,13651.021199743589
0x625f0f73,4995.0
0x625f0f73,1004.994
0x625f0f97,13637.370177
0x625f0faa,17500.0
0x625f0faa,17500.0
0x625f1016,4995.0
0x625f101f,310.0
0x625f101f,878263.67610366
0x625f102a,498.25610364
0x625f102a,2947.6839785812504
0x625f1076,9.0
0x625f10b6,4132.913648
0x625f10cc,38829.092254500625
0x625f1109,9782.308486791682
0x625f1133,38829.0
0x625f1145,9772.526177
0x625f11bc,38829.0
0x625f11d3,4132.913648
0x625f1233,9213.65418642118
0x625f1233,9213.65418642118
0x625f12f0,41.85351271
0x625f1331,9213.654186654605
0x625f1331,9133.034712521378
0x625f1331,80.6194741332278
0x625f1398,299.0
0x625f13de,41.85351271
0x625f1485,84269.22642
0x625f14e7,498.25610364
0x625f14ea,984.099547
0x625f1505,249151.155658
0x625f1505,165694.14
0x625f151a,8567.369164
0x625f151a,8622.952840042153
0x625f151a,102.5892063391556
0x625f151a,102.5892063391556
0x625f153c,17548.87527190648
0x625f154d,28644.949438
0x625f154d,28846.39744642791
0x625f154d,249450.155658
0x625f156a,3981.0
0x625f156e,19804.537361567036
0x625f156e,19804.537361567036
0x625f1592,179218.1590912471
0x625f159e,61854.032157
0x625f159e,67862.78833521166
0x625f159e,67862.78833521166
0x625f15a0,2190.7079139875523
0x625f15c1,27934.411832423826
0x625f15c1,27934.411832423826
0x625f15ca,10433.66151
0x625f15ca,10297.435250963368
0x625f1614,1897.7720364435258
0x625f163b,7666.35787
0x625f163b,329.0
0x625f163b,7714.29236188979
0x625f1669,15042.650325878129
0x625f1669,15042.650325878129
0x625f16e7,249450.155658
0x625f16f9,8314.848437430242
0x625f170a,8259.406788
0x625f170c,10003.786618845043
0x625f170c,9991.356776849427
0x625f170c,9991.356776849427
0x625f1721,17108.47217
0x625f1721,17197.014923670504
0x625f1721,1143.7695109315362
0x625f1729,329.0
0x625f1755,99.0
0x625f1755,1984.0
0x625f17b6,84269.22642
0x625f17fd,92.0
0x625f17fd,1984.0
0x625f1814,99.0
0x625f1861,10058.855340755705
0x625f1861,10058.855340755705
0x625f1865,1340.4
0x625f1880,4.0
0x625f1890,92.0
0x625f18f7,10.0
0x625f1914,84269.22642
0x625f1914,45.5
0x625f19d7,10041.19159058259
0x625f19d7,10041.19159058259
0x625f1a20,1143.7695110318252
0x625f1a3a,90.0
0x625f1a57,94904.741431
0x625f1ac8,24900.0
0x625f1ac8,1017.36
0x625f1b91,94904.741431
0x625f1bd6,109894.995
0x625f1bd6,19636.00000029
0x625f1bed,12599.954425163665
0x625f1bed,12599.954425163665
0x625f1c3d,1017.36
0x625f1caa,10014.725742415612
0x625f1cdd,10035.971908
0x625f1cdd,10117.737751911474
0x625f1d09,19636.00000029
0x625f1e41,9.0
0x625f1e41,490.0
0x625f1e86,7927.926207
0x625f1e86,7980.700229210721
0x625f1ebd,9504.185988842297
0x625f1ebd,1.0
0x625f1edb,2308.736847179238
0x625f1edb,109894.995
0x625f1efc,153.87612959711436
0x625f1f14,40076.00964775822
0x625f1f14,2982.09
0x625f1f26,5000.0
0x625f203b,329.0
0x625f2046,100.0
0x625f2054,490.0
0x625f2093,88.8822538
0x625f2093,88.8822538
0x625f2117,329.0
0x625f213a,200339.05
0x625f2191,203.0
0x625f21ee,200339.05
0x625f22b9,2000.0724564156533
0x625f22f4,1143.7695110318252
0x625f2310,2000.072456
0x625f231b,251.0
0x625f2324,61.443428426811025
0x625f2340,15833.386969
0x625f236f,368.6538610330432
0x625f236f,3.225721284039128
0x625f236f,365.42813974900406
0x625f2382,2500.0
0x625f23ce,7909.936298
0x625f23ce,7962.643427763503
0x625f2411,10.0
0x625f2425,618.3280133537646
0x625f244c,61.443428
0x625f24c0,1998.0
0x625f255a,19.0
0x625f25b8,4495.5
0x625f25eb,4514.5
0x625f25eb,4514.5
0x625f2645,1.0
0x625f2724,1476.47325437
0x625f276d,71.05746306079665
0x625f279d,5180.749048801648
0x625f2851,5180.749048801648
0x625f2864,29.0
0x625f2864,9952.720000847801
0x625f2864,9865.633700840384
0x625f2864,87.08630000741827
0x625f28ba,86.33565
0x625f291c,84149.76618899853
0x625f291c,83413.45573484479
0x625f291c,736.3104541537372
0x625f2935,5180.749048801648
0x625f29eb,534.33134031
0x625f2a5a,796.0
0x625f2aa4,6172.285221079215
0x625f2adf,604.24243627
0x625f2aea,2107.585583971211
0x625f2af2,2868.926930045115
0x625f2b73,2820.0
0x625f2b73,2107.585584
0x625f2c01,3000.0
0x625f2c15,365127.39796250535
0x625f2cd6,7480.008602
0x625f2cd6,21.255
0x625f2d2f,1000.0
0x625f2d56,9.0
0x625f2dbf,4981.580742051601
0x625f2e54,7176.691859
0x625f2e54,7224.478828487524
0x625f2e5c,70.0
0x625f2edd,971.06296274
0x625f2eef,70.0
0x625f2f20,2089.624395
0x625f2fc5,971.062963
0x625f300b,3926.07
0x625f303c,4981.580742
0x625f3083,32261.065971783384
0x625f3083,3955.07
0x625f30b8,9574.93657349416
0x625f30b8,678.1180931224393
0x625f30b8,678.1180931224393
0x625f30e0,9565.361636
0x625f3107,1240.0
0x625f3123,3955.07
0x625f3143,12000.0
0x625f314d,9980.0
0x625f320f,9980.0
0x625f3227,100000.0
0x625f32aa,1000.0
0x625f32ea,37.86
0x625f32ea,14267.92222128549
0x625f33a3,7734.581742
0x625f33a3,14785.2
0x625f33a3,7790.197208579039
0x625f33a3,190.0
0x625f340e,7488.211834221333
0x625f340e,7488.211834221333
0x625f3444,1003.995
0x625f3444,877.0
0x625f3444,15678.897080872755
0x625f3461,11415.453245870085
0x625f3478,11404.037791
0x625f347f,499573.6134950645
0x625f347f,499573.6134950645
0x625f347f,70100.86175
0x625f3490,1003.995
0x625f34ba,1381.3396187578996
0x625f34ba,14785.2
0x625f34df,599.5967395559754
0x625f34df,599.5967395559754
0x625f34e8,225.95
0x625f35bf,599.5967395559754
0x625f35c2,40500.0
0x625f35dc,7137.834848356394
0x625f35eb,7130.697013
0x625f3633,599.5967395559754
0x625f365f,987.75
0x625f368c,138.50444927744363
0x625f368c,138.50444927744363
0x625f36b6,761.3628545625221
0x625f36b6,761.3628545625221
0x625f36d5,1111.9308938960853
0x625f3742,14972.77
0x625f375e,1.0
0x625f3784,678.1180931224393
0x625f3784,678.1180931224393
0x625f3784,190.0
0x625f37ae,1015.0391553156842
0x625f3856,761.3628545625221
0x625f3870,9.0
0x625f38c3,8504.185989245852
0x625f38c3,7916.367646799868
0x625f3957,100000.0
0x625f397e,8350.987624626001
0x625f397e,73.07114171547751
0x625f397e,8277.916482910523
0x625f397e,2117.989155315684
0x625f39e7,93.75502515193783
0x625f3a0c,24975.0
0x625f3a0c,15984.0
0x625f3a7d,534.33134
0x625f3aa5,15984.0
0x625f3b15,733.54
0x625f3b4b,24975.0
0x625f3b67,92.98361474726697
0x625f3b67,0.4579789980089269
0x625f3b67,92.52563574925804
0x625f3b98,1200.79720977
0x625f3c31,9948.246872621117
0x625f3c94,69930.0
0x625f3ca8,504.0
0x625f3d04,2981.84
0x625f3d0f,37.86
0x625f3d1b,9948.246872436917
0x625f3d66,504.0
0x625f3e25,54485.80399503052
0x625f3e25,24.546617190309526
0x625f3e25,24.546617190309526
0x625f3e45,10.0
0x625f3ecc,29600.861749999996
0x625f3eea,498.007968
0x625f3eea,21.37846337
0x625f3eea,1000.0
0x625f3fdf,126749.87236345522
0x625f40f6,24.546617190309526
0x625f40f6,24.546617190309526
0x625f419b,498.007968
0x625f419b,990.0
0x625f4239,439297420.865102
0x625f4291,7.0
0x625f42b3,220.71215909
0x625f42d5,439297420.865102
0x625f4480,5846.5994257
0x625f4480,775.2300062102447
0x625f44d0,4000.0
0x625f4542,469.0
0x625f4542,775.2300062102447
0x625f45bb,103537139.42378
0x625f460b,4270.916483
0x625f4651,775.2300062102447
0x625f4651,469.0
0x625f4651,103537139.42378
0x625f467a,220.712159
0x625f46fb,4995.004995004995
0x625f47ef,4995.004995460387
0x625f480b,945.47269018
0x625f4943,338.038955
0x625f49b6,987.753063
0x625f49d3,10.0
0x625f4a3e,789.58683121
0x625f4a3e,98.76060162507542
0x625f4a3e,98.76060162507542
0x625f4a89,2682.80611405
0x625f4ab4,5638.394398118126
0x625f4ae6,5638.3943
0x625f4ae6,5638.3943
0x625f4b28,935.472691
0x625f4bec,542834560.288882
0x625f4c38,2535.90099
0x625f4c63,1308.14262037
0x625f4cfd,47848.82108154703
0x625f4cfd,251389.56721365097
0x625f4cfd,299238.388295198
0x625f4cfd,299238.388295198
0x625f4cfd,502038123.40985316
0x625f4cfd,502038123.40985316
0x625f4cfd,502038123.40985316
0x625f4cfd,502038123.40985316
