"Transaction Hash","Blockno","UnixTimestamp","DateTime (UTC)","From","To","ContractAddress","Value_IN(ETH)","Value_OUT(ETH)","CurrentValue @ $2700.54330733996/Eth","TxnFee(ETH)","TxnFee(USD)","Historical $Price/Eth","Status","ErrCode","Method"
"0x73c0a44bfc986456b30fbade3e7a6a5f0e81f45ab8adfbcee070a4569f1548b6","13989858","1641978967","2022-01-12 09:16:07","0x8c47d4f271993497a241f30cc444c90192eac113","0xad41bd1cf3fd753017ef5c0da8df31a3074ea1ea","","0.5","0","1350.27165366998","0.003508812658417162","9.4757005413982","3373.03","","","Transfer"
"0xf0db708a26da70026f7e98246e26680328841ca547cb6790e9285b8db77570d8","13989910","1641979669","2022-01-12 09:27:49","0xb20f4638249fd1e6cc27e3c3854935daed522714","0xad41bd1cf3fd753017ef5c0da8df31a3074ea1ea","","0","0","0","0.010162506623804011","27.4442892487119","3373.03","","","Exec Transaction"
"0x7a9a5867cac4629fa1419726f7951aafaf6529214876d6265d167a7420290c2a","13989973","1641980442","2022-01-12 09:40:42","0x316aa9eaea0a074b86a0c7d2f5c831e216095536","0xad41bd1cf3fd753017ef5c0da8df31a3074ea1ea","","0","0","0","0.00718156","19.3941137942604","3373.03","","","Exec Transaction"
"0x10f2661f83c58593e7d7f88fc8e5eea70ab57fa2e47c9349f37286ca7fcc9a54","14094778","1643381029","2022-01-28 14:43:49","0xb20f4638249fd1e6cc27e3c3854935daed522714","0xad41bd1cf3fd753017ef5c0da8df31a3074ea1ea","","0","0","0","0.006995332867679398","18.8911993584268","2547.03","","","Exec Transaction"
"0xb9b838fcbb73b57f368f9db16ac7a1a27312a195c4a8e38d80a13ebfc6754851","14098019","1643423916","2022-01-29 02:38:36","0xb20f4638249fd1e6cc27e3c3854935daed522714","0xad41bd1cf3fd753017ef5c0da8df31a3074ea1ea","","0","0","0","0.009970688236533279","26.9262753867432","2603.10","","","Exec Transaction"
"0x4cfb11801669df291d759471613bcb34df358e8dc911acca2a5fb21bfb585342","14181811","1644542830","2022-02-11 01:27:10","0xb20f4638249fd1e6cc27e3c3854935daed522714","0xad41bd1cf3fd753017ef5c0da8df31a3074ea1ea","","0","0","0","0.007022232","18.9638416301885","2928.93","","","Exec Transaction"
"0x2464d92e35b388444132c963d97f147557185d2f24ed649ddf6d135772a6ecbc","14428011","1647842726","2022-03-21 06:05:26","0xb20f4638249fd1e6cc27e3c3854935daed522714","0xad41bd1cf3fd753017ef5c0da8df31a3074ea1ea","","0","0","0","0.001668531804612162","4.50594239802924","2895.01","","","Exec Transaction"
"0xd8660bd2832724e3a8f7a6e8f6b352bc5985b984c36d8c3cbb839fa0075e8e46","14432974","1647909771","2022-03-22 00:42:51","0xb20f4638249fd1e6cc27e3c3854935daed522714","0xad41bd1cf3fd753017ef5c0da8df31a3074ea1ea","","0","0","0","0.003325773390982531","8.9813950727472","2970.47","Error(0)","Out of gas","Exec Transaction"
"0x4caf13e453c6eca2c46bfd38196156948d4fd016ab22d5bf821b7a715c4e3879","14432980","1647909833","2022-03-22 00:43:53","0xb20f4638249fd1e6cc27e3c3854935daed522714","0xad41bd1cf3fd753017ef5c0da8df31a3074ea1ea","","0","0","0","0.003705722","10.0074627459625","2970.47","","","Exec Transaction"
"0xb7f6ff8c8ec8bb65ff2e2697a5d6262a8dcaebd52eef2cbce6cbbfb5c0f389c3","14440995","1648017149","2022-03-23 06:32:29","0x803c172c3202ab7d32159839306e335db745b025","0xad41bd1cf3fd753017ef5c0da8df31a3074ea1ea","","0","0","0","0.001666768834666206","4.50118142134065","3032.98","","","Exec Transaction"
"0x480acae0468adf249a37f7f9217a792c00c4638a7358fb6ca7011115f21e7e3b","14442622","1648039569","2022-03-23 12:46:09","0xb20f4638249fd1e6cc27e3c3854935daed522714","0xad41bd1cf3fd753017ef5c0da8df31a3074ea1ea","","0","0","0","0.002413459412883736","6.5176516649998","3032.98","","","Exec Transaction"
"0xcb6dee5ac2793ba2f5ecbbcd7388f6440ebeb1011daf1e0e4087c199fb397c30","14446648","1648093400","2022-03-24 03:43:20","0xb20f4638249fd1e6cc27e3c3854935daed522714","0xad41bd1cf3fd753017ef5c0da8df31a3074ea1ea","","0","0","0","0.004680912","12.6410055738473","3112.85","","","Exec Transaction"
"0x005aa71f10d0e58d5caf351061e5162bed05d70b9a2d0cce9adf27224b30b58b","14447323","1648102993","2022-03-24 06:23:13","0xb20f4638249fd1e6cc27e3c3854935daed522714","0xad41bd1cf3fd753017ef5c0da8df31a3074ea1ea","","0","0","0","0.003593809083570503","9.70523706849388","3112.85","","","Exec Transaction"
"0x4543127f66f4b4fc48a3f4cc011535a2062812e281a54438d036ccf122a178c0","14447323","1648102993","2022-03-24 06:23:13","0x803c172c3202ab7d32159839306e335db745b025","0xad41bd1cf3fd753017ef5c0da8df31a3074ea1ea","","0","0","0","0.001698907645846978","4.58797367278074","3112.85","Error(0)","Reverted","Exec Transaction"
"0x487f05960782455fa07335a1fa1502b25538eb9496c14b77d8bd5c6446f92264","14451750","1648162201","2022-03-24 22:50:01","0xb34f5f33c3c64c96092254e3fc1ca9e01b4e816b","0xad41bd1cf3fd753017ef5c0da8df31a3074ea1ea","","0.001337","0","3.61062640191353","0.001303319861849491","3.51967173024088","3112.85","","","Transfer"
"0x7095d71ded820714e404b49d73634a9fab0aacd96b619c252470991e188db8f7","14452491","1648171611","2022-03-25 01:26:51","0x803c172c3202ab7d32159839306e335db745b025","0xad41bd1cf3fd753017ef5c0da8df31a3074ea1ea","","0","0","0","0.002527182968072036","6.82476705085047","3104.04","","","Exec Transaction"
"0x87e99941d5fcc10ef72873de2815a28a4fab15493b5eea09951f47bc4621aea5","14452568","1648172524","2022-03-25 01:42:04","0x2f1e4b9644a9ee9ec5a786d8aa8e900ad2085058","0xad41bd1cf3fd753017ef5c0da8df31a3074ea1ea","","0","0","0","0.00116096","3.1352227580894","3104.04","Error(0)","Out of gas","0x73746f70"
"0xb049d6a30af7c5f3411f0a144def86b720ab22393779dbf3dcd2a99cae934d49","14452704","1648174796","2022-03-25 02:19:56","0xb20f4638249fd1e6cc27e3c3854935daed522714","0xad41bd1cf3fd753017ef5c0da8df31a3074ea1ea","","0","0","0","0.006757802032556329","18.2497370513484","3104.04","","","Exec Transaction"
"0x4c12434b9bb5565ee57921678f68f602c851b8809e652e5ce45bfc02379a672e","14452716","1648174953","2022-03-25 02:22:33","0x2f1e4b9644a9ee9ec5a786d8aa8e900ad2085058","0xad41bd1cf3fd753017ef5c0da8df31a3074ea1ea","","0","0","0","0.00119929370797644","3.2387445966107","3104.04","Error(0)","Out of gas","0x6f6b2074"
"0x748c2cfc6e6ce1e09550ab36a675f36739b6b5b3419a307fd99a36999732ed9b","14454945","1648204839","2022-03-25 10:40:39","0x03cf40b900971561ac6bd997ef1fe939dcbc95e2","0xad41bd1cf3fd753017ef5c0da8df31a3074ea1ea","","0","0","0","0.000935952","2.52757890959145","3104.04","Error(0)","Out of gas","0x68747470"
"0x097f57a30430e2bcc881a2480ebd634ecddc3e1fc638595df86d471842f1584e","14454947","1648204867","2022-03-25 10:41:07","0x03cf40b900971561ac6bd997ef1fe939dcbc95e2","0xad41bd1cf3fd753017ef5c0da8df31a3074ea1ea","","0","0","0","0.0013764","3.71702780822272","3104.04","Error(0)","Out of gas","0x68747470"
"0x22a1c9ec2fbc880b146c10bea17bd84eacd0dd1f9945c94267bd9f2939a37941","14454958","1648204991","2022-03-25 10:43:11","0x03cf40b900971561ac6bd997ef1fe939dcbc95e2","0xad41bd1cf3fd753017ef5c0da8df31a3074ea1ea","","0","0","0","0.0013764","3.71702780822272","3104.04","Error(0)","Out of gas","0x68747470"
"0xc3287174c84d1b5a345b6bafcfcc0d2bcf2e7f36e2f3b595fcc1bfab273f3ed4","14454959","1648205006","2022-03-25 10:43:26","0x03cf40b900971561ac6bd997ef1fe939dcbc95e2","0xad41bd1cf3fd753017ef5c0da8df31a3074ea1ea","","0","0","0","0.0013764","3.71702780822272","3104.04","Error(0)","Out of gas","0x68747470"
"0xa1d062e73e14d2b22c4281b72e2d70f806e798d70bf3862af8ef737cc8b4eed0","14454961","1648205032","2022-03-25 10:43:52","0x03cf40b900971561ac6bd997ef1fe939dcbc95e2","0xad41bd1cf3fd753017ef5c0da8df31a3074ea1ea","","0","0","0","0.0013764","3.71702780822272","3104.04","Error(0)","Out of gas","0x68747470"
"0x81cb39cc8111859526d16ce0d6d7d225020b5b4909aa53d79f5dcb9a48de96bd","14454963","1648205040","2022-03-25 10:44:00","0x03cf40b900971561ac6bd997ef1fe939dcbc95e2","0xad41bd1cf3fd753017ef5c0da8df31a3074ea1ea","","0","0","0","0.00123876","3.34532502740045","3104.04","Error(0)","Out of gas","0x68747470"
"0x06194083f6151f7044f8c29eccecefaaa1a2abc4401c971d6480a31f8c85683d","14454965","1648205069","2022-03-25 10:44:29","0x03cf40b900971561ac6bd997ef1fe939dcbc95e2","0xad41bd1cf3fd753017ef5c0da8df31a3074ea1ea","","0","0","0","0.00123876","3.34532502740045","3104.04","Error(0)","Out of gas","0x68747470"
"0x381af8806d502d2af6bef7997586f05432c1920994237dbb0a68b620dcb8be6e","14454967","1648205076","2022-03-25 10:44:36","0x03cf40b900971561ac6bd997ef1fe939dcbc95e2","0xad41bd1cf3fd753017ef5c0da8df31a3074ea1ea","","0","0","0","0.001211232","3.27098447123599","3104.04","Error(0)","Out of gas","0x68747470"
"0x863072fb882cddf4d150f52d3d0ad8341c358876c30f0693ef7e1a59e1f0bef5","14454974","1648205172","2022-03-25 10:46:12","0x03cf40b900971561ac6bd997ef1fe939dcbc95e2","0xad41bd1cf3fd753017ef5c0da8df31a3074ea1ea","","0","0","0","0.00123876","3.34532502740045","3104.04","Error(0)","Out of gas","0x68747470"
"0x28197a0dd590de9b2f4e1f9eab2809ba1e38a05e5864262a7de92cc536ed88f0","14454975","1648205195","2022-03-25 10:46:35","0x03cf40b900971561ac6bd997ef1fe939dcbc95e2","0xad41bd1cf3fd753017ef5c0da8df31a3074ea1ea","","0","0","0","0.000935952","2.52757890959145","3104.04","Error(0)","Out of gas","0x68747470"
"0xe69cb23de0b20a67a06355e1d50ded0b6834f8cb88d1cefdf48bba3f8267e597","14454977","1648205241","2022-03-25 10:47:21","0x03cf40b900971561ac6bd997ef1fe939dcbc95e2","0xad41bd1cf3fd753017ef5c0da8df31a3074ea1ea","","0","0","0","0.00110112","2.97362224657818","3104.04","Error(0)","Out of gas","0x68747470"
"0xd7532572f59d3de17659f750af847e8bae91b2461ad3fd1ea0074e3d2166c4ab","14454978","1648205261","2022-03-25 10:47:41","0x03cf40b900971561ac6bd997ef1fe939dcbc95e2","0xad41bd1cf3fd753017ef5c0da8df31a3074ea1ea","","0","0","0","0.001156176","3.12230335890709","3104.04","Error(0)","Out of gas","0x68747470"
"0xdf22791d0a0dd55f15d4a55c2facdce63ea0633a2aaed12169ee6006a8f2df40","14454978","1648205261","2022-03-25 10:47:41","0x03cf40b900971561ac6bd997ef1fe939dcbc95e2","0xad41bd1cf3fd753017ef5c0da8df31a3074ea1ea","","0","0","0","0.00110112","2.97362224657818","3104.04","Error(0)","Out of gas","0x68747470"
"0xa73f30c9b8ff95f7c42bfdb2999ba4a07801d84fe23638d6c64e24a8ff12c85f","14454979","1648205295","2022-03-25 10:48:15","0x03cf40b900971561ac6bd997ef1fe939dcbc95e2","0xad41bd1cf3fd753017ef5c0da8df31a3074ea1ea","","0","0","0","0.001156176","3.12230335890709","3104.04","Error(0)","Out of gas","0x68747470"
"0xedce5a32183ae24dd98398f91a1c8fb2e321c8e693f53bce59a19f5a602c685e","14454981","1648205305","2022-03-25 10:48:25","0x03cf40b900971561ac6bd997ef1fe939dcbc95e2","0xad41bd1cf3fd753017ef5c0da8df31a3074ea1ea","","0","0","0","0.0013764","3.71702780822272","3104.04","Error(0)","Out of gas","0x68747470"
"0x988a6b92a3b76758a9ec95b84ffde62398a9543d6aa45db5a1d8dd014524d828","14454982","1648205319","2022-03-25 10:48:39","0x03cf40b900971561ac6bd997ef1fe939dcbc95e2","0xad41bd1cf3fd753017ef5c0da8df31a3074ea1ea","","0","0","0","0.0013764","3.71702780822272","3104.04","Error(0)","Out of gas","0x68747470"
"0x212a64845de25944f05d085233468b1ec0250bea5e38150afe28c30ad5614a72","14454986","1648205347","2022-03-25 10:49:07","0x03cf40b900971561ac6bd997ef1fe939dcbc95e2","0xad41bd1cf3fd753017ef5c0da8df31a3074ea1ea","","0","0","0","0.0013764","3.71702780822272","3104.04","Error(0)","Out of gas","0x68747470"
"0xb9705a0387eb819a13687647f1e505a17efe99f8a48657c0d4001fa97f8521ff","14454989","1648205365","2022-03-25 10:49:25","0x03cf40b900971561ac6bd997ef1fe939dcbc95e2","0xad41bd1cf3fd753017ef5c0da8df31a3074ea1ea","","0","0","0","0.0013764","3.71702780822272","3104.04","Error(0)","Out of gas","0x68747470"
"0xb62cacc50ccd96f4cc5532026188f33a0d4fa62e500320dd9e44ee5e113026d3","14454991","1648205382","2022-03-25 10:49:42","0x03cf40b900971561ac6bd997ef1fe939dcbc95e2","0xad41bd1cf3fd753017ef5c0da8df31a3074ea1ea","","0","0","0","0.0013764","3.71702780822272","3104.04","Error(0)","Out of gas","0x68747470"
"0xd629fc01ae1d41faa44cbe7b2c0584adcfa0087d11dd021e32fee463536deb43","14454991","1648205382","2022-03-25 10:49:42","0x03cf40b900971561ac6bd997ef1fe939dcbc95e2","0xad41bd1cf3fd753017ef5c0da8df31a3074ea1ea","","0","0","0","0.0013764","3.71702780822272","3104.04","Error(0)","Out of gas","0x68747470"
"0x2a12462d69db0e9ca0f740fca9e58339d1aaabd235f70f54e32dcfd762394e13","14454993","1648205413","2022-03-25 10:50:13","0x03cf40b900971561ac6bd997ef1fe939dcbc95e2","0xad41bd1cf3fd753017ef5c0da8df31a3074ea1ea","","0","0","0","0.0013764","3.71702780822272","3104.04","Error(0)","Out of gas","0x68747470"
"0xf51eed55f88e4bfe12bca5c59286233c5131f0ccfa92c57541f6a635873161bf","14454993","1648205413","2022-03-25 10:50:13","0x03cf40b900971561ac6bd997ef1fe939dcbc95e2","0xad41bd1cf3fd753017ef5c0da8df31a3074ea1ea","","0","0","0","0.0013764","3.71702780822272","3104.04","Error(0)","Out of gas","0x68747470"
"0xe8e156af9015198faec68f947cde11c047d173a03c29e106bb9f9a259f8a7f43","14454994","1648205443","2022-03-25 10:50:43","0x03cf40b900971561ac6bd997ef1fe939dcbc95e2","0xad41bd1cf3fd753017ef5c0da8df31a3074ea1ea","","0","0","0","0.0013764","3.71702780822272","3104.04","Error(0)","Out of gas","0x68747470"
"0xe66e3c53228654cf0cc42b6be4062d8eb8972ac9ab7b671ab4126a682433f2df","14454999","1648205525","2022-03-25 10:52:05","0x03cf40b900971561ac6bd997ef1fe939dcbc95e2","0xad41bd1cf3fd753017ef5c0da8df31a3074ea1ea","","0","0","0","0.0013764","3.71702780822272","3104.04","Error(0)","Out of gas","0x68747470"
"0x8200971a23bbb6b17dfc529d4056d5d2017f7c3120ab22364deb611455dd99c6","14455001","1648205562","2022-03-25 10:52:42","0x03cf40b900971561ac6bd997ef1fe939dcbc95e2","0xad41bd1cf3fd753017ef5c0da8df31a3074ea1ea","","0","0","0","0.0013764","3.71702780822272","3104.04","Error(0)","Out of gas","0x68747470"
"0xaa012caf3e62563f856d460661fd067ce586620bae66e93836a1fabfaf18a57f","14455001","1648205562","2022-03-25 10:52:42","0x03cf40b900971561ac6bd997ef1fe939dcbc95e2","0xad41bd1cf3fd753017ef5c0da8df31a3074ea1ea","","0","0","0","0.0013764","3.71702780822272","3104.04","Error(0)","Out of gas","0x68747470"
"0x7ba57a281496213ace1060daf1873438534a85dc8fd6529af6f1791ecbc9f027","14458973","1648259067","2022-03-26 01:44:27","0xb20f4638249fd1e6cc27e3c3854935daed522714","0xad41bd1cf3fd753017ef5c0da8df31a3074ea1ea","","0","0","0","0.005053741188062886","13.6478469424515","3146.36","","","Exec Transaction"
"0x783a4121cdae0b623fcba29871607c7dd7505b728319e748f6f8cda1dde69414","14459573","1648267220","2022-03-26 04:00:20","0x316aa9eaea0a074b86a0c7d2f5c831e216095536","0xad41bd1cf3fd753017ef5c0da8df31a3074ea1ea","","0","0","0","0.001962450148904869","5.29968161561335","3146.36","","","Exec Transaction"
"0x3e4af1429b45d1956312ac9a0c2c5eb65b713e4328ef58a79c10f39fcc8f2d95","14461305","1648290529","2022-03-26 10:28:49","0xe7fe373a13e129baedd18ea8f3cea13fc504b752","0xad41bd1cf3fd753017ef5c0da8df31a3074ea1ea","","0.001","0","2.70054330733996","0.000697099741805697","1.88254804228179","3146.36","","","Transfer"
"0x3811e39641e134d623a28e4cc8fceda23c62d70a79fb0f926f8aeeef3329f652","14462192","1648302603","2022-03-26 13:50:03","0x03cf40b900971561ac6bd997ef1fe939dcbc95e2","0xad41bd1cf3fd753017ef5c0da8df31a3074ea1ea","","0","0","0","0.0013764","3.71702780822272","3146.36","Error(0)","Out of gas","0x68747470"
"0x6af7665c2c245c7d80a70c1c01e3a5077149c477f206d1a50cd84815aa901322","14462194","1648302633","2022-03-26 13:50:33","0x03cf40b900971561ac6bd997ef1fe939dcbc95e2","0xad41bd1cf3fd753017ef5c0da8df31a3074ea1ea","","0","0","0","0.0013764","3.71702780822272","3146.36","Error(0)","Out of gas","0x68747470"
"0x7d6aabdf7d0c8bb90459e5c2fa9a6b3020580bdd78642ec8d02cf26ef57f7e6d","14462195","1648302646","2022-03-26 13:50:46","0x03cf40b900971561ac6bd997ef1fe939dcbc95e2","0xad41bd1cf3fd753017ef5c0da8df31a3074ea1ea","","0","0","0","0.0013764","3.71702780822272","3146.36","Error(0)","Out of gas","0x68747470"
"0xc14f3100c0544fefa1ebcd17759acfa6eff7f4719f1e3664f5c8f54a0a538b18","14462199","1648302684","2022-03-26 13:51:24","0x03cf40b900971561ac6bd997ef1fe939dcbc95e2","0xad41bd1cf3fd753017ef5c0da8df31a3074ea1ea","","0","0","0","0.0013764","3.71702780822272","3146.36","Error(0)","Out of gas","0x68747470"
"0x70ab691999b6fd98c82bf4260a534a73ba05921da592d445f213b850d4612cdb","14465497","1648347278","2022-03-27 02:14:38","0x948bd60b69c220d0d9625df5472dcc13f45da998","0xad41bd1cf3fd753017ef5c0da8df31a3074ea1ea","","0","0","0","0.000632191197834","1.70725970826984","3296.46","Error(0)","Out of gas","Transfer"
"0xd5a9050d5d81cb68112b6864bb8a606393e26d2761ca2a990a86ed7340d8eb29","14467957","1648380576","2022-03-27 11:29:36","0xb20f4638249fd1e6cc27e3c3854935daed522714","0xad41bd1cf3fd753017ef5c0da8df31a3074ea1ea","","0","0","0","0.001830061044537416","4.9421591058491","3296.46","","","Exec Transaction"
"0x785d8931942bd1a167c12876495e5299c647daf031d79c973dafd3fb545c82ac","14471302","1648425445","2022-03-27 23:57:25","0x803c172c3202ab7d32159839306e335db745b025","0xad41bd1cf3fd753017ef5c0da8df31a3074ea1ea","","0","0","0","0.004722719640660448","12.7539089180286","3296.46","","","Exec Transaction"
"0x235d3140d0b0fca58472289450c1a83a41a355e067c7681cb8aecd8faafd0545","14474963","1648474691","2022-03-28 13:38:11","0x03cf40b900971561ac6bd997ef1fe939dcbc95e2","0xad41bd1cf3fd753017ef5c0da8df31a3074ea1ea","","0","0","0","0.001844376","4.98081726301845","3334.29","Error(0)","Out of gas","0x68747470"
"0x477f6275e438d03ee3fd37434ae40b60b1f675098a8aadacf0ae66fdb72851e1","14474964","1648474712","2022-03-28 13:38:32","0x03cf40b900971561ac6bd997ef1fe939dcbc95e2","0xad41bd1cf3fd753017ef5c0da8df31a3074ea1ea","","0","0","0","0.00192696","5.20383893151181","3334.29","Error(0)","Out of gas","0x68747470"
"0xfea3372712920f09772fc432eb706672b2da3a4187663a1b139d59ccede9b99a","14474967","1648474736","2022-03-28 13:38:56","0x03cf40b900971561ac6bd997ef1fe939dcbc95e2","0xad41bd1cf3fd753017ef5c0da8df31a3074ea1ea","","0","0","0","0.0020646","5.57554171233408","3334.29","Error(0)","Out of gas","0x68747470"
"0x0792eb3dfce36038db2d8a74eca5498116211e6b6c8dafe81013cc23313c6ade","14474968","1648474753","2022-03-28 13:39:13","0x03cf40b900971561ac6bd997ef1fe939dcbc95e2","0xad41bd1cf3fd753017ef5c0da8df31a3074ea1ea","","0","0","0","0.002037072","5.50120115616963","3334.29","Error(0)","Out of gas","0x68747470"
"0x80d0062d84d85324df490648cf6428f6190a67163afe1f117a392f8f1fe6efe2","14481471","1648561902","2022-03-29 13:51:42","0xb20f4638249fd1e6cc27e3c3854935daed522714","0xad41bd1cf3fd753017ef5c0da8df31a3074ea1ea","","0","0","0","0.00302986707025949","8.182287238719","3402.62","","","Exec Transaction"
"0x56525ceb2385460c72367f3e8fce0e771008b942fe88073d5e8a3127fa18b7d7","14486439","1648628069","2022-03-30 08:14:29","0x803c172c3202ab7d32159839306e335db745b025","0xad41bd1cf3fd753017ef5c0da8df31a3074ea1ea","","0","0","0","0.002654223","7.16784415883779","3385.11","","","Exec Transaction"
"0xe6bf9ae792a66870d0b75021d1537e4f93b0336513520e54aff9cd8acaf8f24a","14512890","1648985316","2022-04-03 11:28:36","0x03cf40b900971561ac6bd997ef1fe939dcbc95e2","0xad41bd1cf3fd753017ef5c0da8df31a3074ea1ea","","0","0","0","0.00151404","4.08873058904499","3522.49","Error(0)","Out of gas","0x68747470"
"0xc37e8b99165a49b6dbaa0997c3dc31d161025233f6920ec3b565d9abcd2e566f","14512890","1648985316","2022-04-03 11:28:36","0x03cf40b900971561ac6bd997ef1fe939dcbc95e2","0xad41bd1cf3fd753017ef5c0da8df31a3074ea1ea","","0","0","0","0.00178932","4.83213615068954","3522.49","Error(0)","Out of gas","0x68747470"
"0x1f4883d21dc6664dc87de43e451e7c7311dea6b2e32721aa7ec87ffa7e62f7d3","14512891","1648985357","2022-04-03 11:29:17","0x03cf40b900971561ac6bd997ef1fe939dcbc95e2","0xad41bd1cf3fd753017ef5c0da8df31a3074ea1ea","","0","0","0","0.00178932","4.83213615068954","3522.49","Error(0)","Out of gas","0x68747470"
"0x3bcd408f8a7db99ce1b9b8bd379f9468f82056f7e1fa58f712029cdad105bf36","14512892","1648985369","2022-04-03 11:29:29","0x03cf40b900971561ac6bd997ef1fe939dcbc95e2","0xad41bd1cf3fd753017ef5c0da8df31a3074ea1ea","","0","0","0","0.00178932","4.83213615068954","3522.49","Error(0)","Out of gas","0x68747470"
"0xb5dfc6e86e1b197ec577104d4e86da0e95fad4bacff360069cf3cdd3a16cec94","14512893","1648985384","2022-04-03 11:29:44","0x03cf40b900971561ac6bd997ef1fe939dcbc95e2","0xad41bd1cf3fd753017ef5c0da8df31a3074ea1ea","","0","0","0","0.00178932","4.83213615068954","3522.49","Error(0)","Out of gas","0x68747470"
"0x7b6712c3881473388c10d6b4b86684d56251e9e59fb0c339e9fee0a77705af5a","14512896","1648985399","2022-04-03 11:29:59","0x03cf40b900971561ac6bd997ef1fe939dcbc95e2","0xad41bd1cf3fd753017ef5c0da8df31a3074ea1ea","","0","0","0","0.00178932","4.83213615068954","3522.49","Error(0)","Out of gas","0x68747470"
"0x42fd2c1988cefd6e3a6c2ecd388d6c5f831c73c6e5d4dc30a98ca4d60dff79a2","14529539","1649210126","2022-04-06 01:55:26","0xabb937635b824cb95eeee1863b2a879afcc62976","0xad41bd1cf3fd753017ef5c0da8df31a3074ea1ea","","0.03","0","81.0162992201988","0.001913570044078347","5.16767877566201","3168.91","","","Transfer"
"0x393b8e6db1f630382845624700ac0d6341bcad1dbf7ce6200b5634952e718c4d","14529546","1649210211","2022-04-06 01:56:51","0xeb2629a2734e272bcc07bda959863f316f4bd4cf","0xad41bd1cf3fd753017ef5c0da8df31a3074ea1ea","","0.00448822","0","12.1206324828694","0.001800114335021082","4.86128671988791","3168.91","","","Transfer"
"0xa4bd9769c1ef0cf37bb124e5516d2d4befdcfbcb69add2790a933707ebcbe759","14530372","1649221297","2022-04-06 05:01:37","0xb20f4638249fd1e6cc27e3c3854935daed522714","0xad41bd1cf3fd753017ef5c0da8df31a3074ea1ea","","0","0","0","0.004329220305898195","11.6912469230936","3168.91","","","Exec Transaction"
"0x72b4c3c9eda6945a1e82e70b42874219f47893795ba85c2cb79575a44a365ff0","14530464","1649222682","2022-04-06 05:24:42","0xaea3ce1c4196adcbe44979afa0b63bead05e321b","0xad41bd1cf3fd753017ef5c0da8df31a3074ea1ea","","0.0015","0","4.05081496100994","0.002049282239964708","5.53417543798733","3168.91","","","Transfer"
"0x8ffac2727d265cd4402f8927893b8035512661fe416dbc3829f3718d97eceb0e","14530733","1649226198","2022-04-06 06:23:18","0xb20f4638249fd1e6cc27e3c3854935daed522714","0xad41bd1cf3fd753017ef5c0da8df31a3074ea1ea","","0","0","0","0.003089348783441765","8.34292018116251","3168.91","","","Exec Transaction"
"0x8b561990e0356bd6641a1574811bf540037287bf91c63db7f61b18e68aba4ac0","14530733","1649226198","2022-04-06 06:23:18","0xb20f4638249fd1e6cc27e3c3854935daed522714","0xad41bd1cf3fd753017ef5c0da8df31a3074ea1ea","","0","0","0","0.00177092806267939","4.78246792744935","3168.91","Error(0)","Reverted","Exec Transaction"
"0x11097ba038d3c920af6a7d4cf6364fbbd3423540f9e981080a4895d2f1f7e08c","14550819","1649497954","2022-04-09 09:52:34","0xb5d85cbf7cb3ee0d56b3bb207d5fc4b82f43f511","0xad41bd1cf3fd753017ef5c0da8df31a3074ea1ea","","0.00623555","0","16.8393728200837","0.000798894902232313","2.15745028149148","3259.62","","","Transfer"
"0x3f6d4a6a689ed179af862da10241e801717b73f8fae9d1f9c5258ba43ce80909","14555010","1649554048","2022-04-10 01:27:28","0x803c172c3202ab7d32159839306e335db745b025","0xad41bd1cf3fd753017ef5c0da8df31a3074ea1ea","","0","0","0","0.002383435519500786","6.43657084066419","3202.89","","","Exec Transaction"
"0xa87124795af13af88bb26a7cd4533dfea9873405c480b13c88c66766e2b7f37b","14555173","1649555975","2022-04-10 01:59:35","0x803c172c3202ab7d32159839306e335db745b025","0xad41bd1cf3fd753017ef5c0da8df31a3074ea1ea","","0","0","0","0.002803170913840961","7.57008445070325","3202.89","","","Exec Transaction"
"0xbf56165e0b4a6f2ab459ebf9e7864d805c8c01c1be945ab0930280c0dc73bd45","14556786","1649578058","2022-04-10 08:07:38","0x803c172c3202ab7d32159839306e335db745b025","0xad41bd1cf3fd753017ef5c0da8df31a3074ea1ea","","0","0","0","0.002287776680966658","6.17824000447294","3202.89","","","Exec Transaction"
"0x7a2ccae2a32e2faf198541bf62333d2eb602bd6ffe4061a150eb695f3974b7f9","14560040","1649621815","2022-04-10 20:16:55","0x1628ab02e635f6bad7cbb5b7ed653bf681efa9a3","0xad41bd1cf3fd753017ef5c0da8df31a3074ea1ea","","0.01","0","27.0054330733996","0.001748637163589423","4.72227038909735","3202.89","","","Transfer"
"0xd8c94e2dece1c8c344c8dc20b508843f3808f311c37193ba2005953fb60b6a0b","14560072","1649622279","2022-04-10 20:24:39","0x22b3a66847f6d2b7d6e74324f831f10b3895e1d1","0xad41bd1cf3fd753017ef5c0da8df31a3074ea1ea","","0.0005","0","1.35027165366998","0.001503095","4.05917314254616","3202.89","","","Transfer"
"0x82873b0adf64b3ebca2e038b54b9ee7dd5d3fc7a8c42367ef618ae4bced503f0","14560076","1649622311","2022-04-10 20:25:11","0x1628ab02e635f6bad7cbb5b7ed653bf681efa9a3","0xad41bd1cf3fd753017ef5c0da8df31a3074ea1ea","","0.0004444","0","1.20012144578188","0.00163974","4.42818888277763","3202.89","","","Transfer"
"0xe38a1c1e333ac4ba5803fd7aaba90f32fc0d8892378eb982c1d81248565cfc05","14560076","1649622311","2022-04-10 20:25:11","0x1628ab02e635f6bad7cbb5b7ed653bf681efa9a3","0xad41bd1cf3fd753017ef5c0da8df31a3074ea1ea","","0.0005","0","1.35027165366998","0.00163974","4.42818888277763","3202.89","","","Transfer"
"0xfb11d71c442df1190e47526184a29094d66b4e32ea6c128db689e43e8ba44adb","14563943","1649673734","2022-04-11 10:42:14","0x803c172c3202ab7d32159839306e335db745b025","0xad41bd1cf3fd753017ef5c0da8df31a3074ea1ea","","0","0","0","0.002010475","5.42937480582431","2979.52","","","Exec Transaction"
"0x03a50d74c65d63075f97553a7ae508178d4500c69fa99305c2efe0003349c1b5","14564820","1649685824","2022-04-11 14:03:44","0x803c172c3202ab7d32159839306e335db745b025","0xad41bd1cf3fd753017ef5c0da8df31a3074ea1ea","","0","0","0","0.004074084663891649","11.002242072609","2979.52","","","Exec Transaction"
"0x8979addee4331d2747d1af5b218039373d66cb07eb19915a356827857d9683ff","14652545","1650872879","2022-04-25 07:47:59","0xb20f4638249fd1e6cc27e3c3854935daed522714","0xad41bd1cf3fd753017ef5c0da8df31a3074ea1ea","","0","0","0","0.002512099354171616","6.78403309828119","3006.45","","","Exec Transaction"
"0xaa9409fed7d632f6e12f51f8a765e3802ef74eda0f53a732231d74e78509bed5","14652545","1650872879","2022-04-25 07:47:59","0xb20f4638249fd1e6cc27e3c3854935daed522714","0xad41bd1cf3fd753017ef5c0da8df31a3074ea1ea","","0","0","0","0.001192213201051332","3.21962338102152","3006.45","Error(0)","Reverted","Exec Transaction"
"0x998a504f282d653fafc53644614b69d89317a4765f49a475401818d562dc504e","14656682","1650928989","2022-04-25 23:23:09","0x803c172c3202ab7d32159839306e335db745b025","0xad41bd1cf3fd753017ef5c0da8df31a3074ea1ea","","0","0","0","0.003306345840382574","8.92893013099648","3006.45","","","Exec Transaction"
"0x13e705787b82f45b57ad40fecfeff38988e4e6ef5b0b5e94aeca5791c344d0ac","14671817","1651134620","2022-04-28 08:30:20","0xb20f4638249fd1e6cc27e3c3854935daed522714","0xad41bd1cf3fd753017ef5c0da8df31a3074ea1ea","","0","0","0","0.002637900275233875","7.12376393371308","2936.49","","","Exec Transaction"
"0xcbeb7336c7b44e8e00bb0ad311e3d9fb249ec3d57ba15039f074888fc0f3e718","14671955","1651136329","2022-04-28 08:58:49","0xb20f4638249fd1e6cc27e3c3854935daed522714","0xad41bd1cf3fd753017ef5c0da8df31a3074ea1ea","","0","0","0","0.003014976964600986","8.14207586353734","2936.49","","","Exec Transaction"
"0x752147f38ce98ca39dd1d40f4033805dc2bef24f5112222ae2f0a9a2d99ddc4c","14697854","1651488263","2022-05-02 10:44:23","0x316aa9eaea0a074b86a0c7d2f5c831e216095536","0xad41bd1cf3fd753017ef5c0da8df31a3074ea1ea","","0","0","0","0.002883664487284826","7.78746083175095","2856.12","","","Exec Transaction"
"0x4e1aed3843c4a75cbd4fcc97ffe78f5fd67c60c8cc418255bece9e0f1c1fbe86","14705088","1651587156","2022-05-03 14:12:36","0x803c172c3202ab7d32159839306e335db745b025","0xad41bd1cf3fd753017ef5c0da8df31a3074ea1ea","","0","0","0","0.008083611068958095","21.830141771414","2780.63","","","Exec Transaction"
"0x63ec92b09644d407c3d3e746ce7f202fcdccb1418412d614bc21113d85a95217","14711450","1651673955","2022-05-04 14:19:15","0x803c172c3202ab7d32159839306e335db745b025","0xad41bd1cf3fd753017ef5c0da8df31a3074ea1ea","","0","0","0","0.003963497624321025","10.703596983018","2940.31","","","Exec Transaction"
"0x36929791a8d0cd2d509f62380a77e4a5c9be6fb5e599b7a1ea7b6cedbf762cf7","14711455","1651674004","2022-05-04 14:20:04","0x803c172c3202ab7d32159839306e335db745b025","0xad41bd1cf3fd753017ef5c0da8df31a3074ea1ea","","0","0","0","0.001990060971709222","5.3742458383478","2940.31","Error(0)","Reverted","Exec Transaction"
"0x041fdf35f05cab4dabb4309dfc53e0a92359919d2057215470a3901d197263f6","14733401","1651975943","2022-05-08 02:12:23","0x803c172c3202ab7d32159839306e335db745b025","0xad41bd1cf3fd753017ef5c0da8df31a3074ea1ea","","0","0","0","0.00162998079292733","4.40183372143258","2519.08","","","Exec Transaction"
"0x5e8b3aa797a115f0c14b81d7f24e0f75ed74f50c6fb6c7fc7b7234c36e149a73","14733442","1651976359","2022-05-08 02:19:19","0x803c172c3202ab7d32159839306e335db745b025","0xad41bd1cf3fd753017ef5c0da8df31a3074ea1ea","","0","0","0","0.001998591","5.39728154915988","2519.08","","","Exec Transaction"
"0x9785a42f733e976e2f29e9ebd9e4d1ec7374e1ffb3587cdc2deda94005210aa4","14733442","1651976359","2022-05-08 02:19:19","0x803c172c3202ab7d32159839306e335db745b025","0xad41bd1cf3fd753017ef5c0da8df31a3074ea1ea","","0","0","0","0.00103015855776687","2.78198779867631","2519.08","Error(0)","Reverted","Exec Transaction"
"0x7414cfc5af5b840f84e8b1539c59674e0fc620c6a46c0cd5bd3a2f87f3f6626f","14813760","1653086883","2022-05-20 22:48:03","0x805601ae79524fff9475f1772fe1036d25dcb5d6","0xad41bd1cf3fd753017ef5c0da8df31a3074ea1ea","","0","0","0","0.0007921885216836","2.13933941038418","1956.88","Error(0)","Reverted","0x74686973"
"0x535d4d0e8d7e30d266ea017c7979c5aadd68cc5a688368651e95aa601257d770","14815325","1653108750","2022-05-21 04:52:30","0x805601ae79524fff9475f1772fe1036d25dcb5d6","0xad41bd1cf3fd753017ef5c0da8df31a3074ea1ea","","0","0","0","0.000509052821575089","1.37471919038713","1972.18","Error(0)","Reverted","0x416c6c6f"
