blockNumber,data
14612237,87845.31174
14612242,197832.402481553
14612242,197894.26061615619
14612242,365234.0570570752
14612242,760960.7201547844
14612242,760960.7201547844
14612242,760959.5301169303
14612242,2696.4
14612247,43.40332582
14612248,7992.0
14612249,15.55555556
14612250,73207.1213506675
14612250,150000.0
14612251,9971.084
14612252,7992.0
14612253,62356.43151173919
14612262,8526.99036297926
14612262,8526.99036297926
14612262,2001.93271
14612264,270.83689235836556
14612264,270.83689235836556
14612266,70552.27269301125
14612266,23506.783448201277
14612267,66331.352888
14612271,109.39240002975048
14612273,9930.500339258158
14612273,21815.08324489
14612274,94059.056142
14612274,150923.65181780333
14612277,9.0
14612279,430.624664840814
14612279,430.624664840814
14612284,19924.462694774764
14612284,34857.67223852565
14612290,303.4118593969952
14612290,303.4118593969952
14612291,19924.462694
14612291,34857.672239
14612293,47.628968
14612294,5.0
14612301,3500.0
14612303,430.624664
14612306,992.2
14612308,265.83689235836556
14612311,21815.083245
14612323,2007.8033545724695
14612324,100.0
14612327,100.0
14612339,10.0
14612339,992.2
14612340,199800.0
14612342,470331.63879674097
14612342,470301.03475260094
14612342,615.5208652609177
14612346,100.0
14612347,497.2592950715543
14612347,4.351018828118714
14612347,492.9082762434356
14612349,27150.0
14612350,199800.0
14612361,4840.802723627247
14612361,4840.802723627247
14612362,484.697658
14612366,31.153565
14612367,10.010952
14612369,994.0
14612371,9931.774080821046
14612372,865.66718719
14612392,1347.672653903903
14612404,100.0
14612422,2.0
14612423,4985.045
14612425,9935.52803636648
14612427,99.0
14612443,10.0
14612447,10.321528
14612452,199800.0
14612466,100.0
14612468,2439.9384965339145
14612472,100.0
14612472,1989.0
14612472,30645.0
14612472,40.0
14612488,315.90242599114174
14612488,2.7641462274224904
14612488,313.13827976371925
14612488,199799.0
14612493,4981.188702802383
14612497,2447.938496
14612497,199799.0
14612498,850.42009704
14612500,100.0
14612507,1969.1497061155715
14612508,398689.58467276726
14612513,130.32073149
14612516,1992.882659
14612520,398689.584673
14612527,24917.47
14612531,1969.1497061155715
14612531,130.32073149
14612533,1457.0
14612541,21191.13
14612541,20.0
14612542,6939.109320748549
14612543,1992.882659
14612545,6932.17021
14612551,9.0
14612552,99598.22
14612552,230.0
14612555,21201.13
14612556,2061.60708669
14612559,99598.22
14612565,8707.12427697002
14612565,6721.684446249176
14612574,4961.0
14612579,20.0
14612580,1000.0
14612584,997.888038
14612597,91.0
14612598,740.5948158042419
14612598,740.5948158042419
14612599,494.0
14612602,337.23453022
14612607,198200.0
14612613,198200.0
14612618,72.63253519999911
14612618,72.63253519999911
14612621,11954.59720659233
14612626,3582.122733553433
14612632,11955.403350401202
14612632,997.888038
14612632,79.108027
14612635,3582.122733
14612636,681.38768574
14612639,999.0
14612652,410.578455
14612656,502897.639836
14612657,999.0
14612660,200100.0
14612665,200100.0
14612668,502897.639836
14612669,999.0
14612671,2520.0
14612673,498750.0
14612684,10.0
14612686,12349.466746604232
14612692,7235.365316
14612693,27150.0
14612695,7129.77
14612699,8707.12427769
14612706,10.0
14612714,1352.48543324
14612736,1352.48543324
14612742,506.8673273922854
14612749,47814.63823705638
14612752,418.0
14612758,56.67533513
14612759,9.0
14612759,9.0
14612759,9.0
14612759,9.0
14612766,1274.5819726177958
14612766,11.152592256730415
14612766,1263.4293803610656
14612770,418.0
14612788,19993.3
14612791,1507.0
14612810,41555.088611847146
14612818,19993.3
14612821,99141.64058922736
14612821,99141.64058922736
14612821,99141.64058922736
14612829,99924.122048
14612851,81970.0
14612861,1347.24994037
14612864,81970.0
14612874,102372.50388871068
14612889,4.960396
14612892,2429.890095362037
14612892,744.2110206
14612895,26606.816604
14612909,99.65122073
14612911,1347.24994
14612911,506.867327
14612913,2713.2711556175227
14612913,2713.2711556175227
14612926,2713.271155
14612932,13071.75581731184
14612939,66469.3639926488
14612941,30645.0
14612941,726.819541
14612941,9782.522343
14612942,1.0
14612946,1928.0
14612946,603.130115
14612946,2144.13980334
14612956,3090.91
14612971,4994.0
14612981,8238.1
14612983,993.64416452
14612995,1018.62221596
14612996,1978.26233516
14612996,5140.94763127
14612996,1844.49
14612999,305.70084879
14612999,624.287272
14612999,136424.53
14612999,3000.999
14613000,536.43
14613000,24939.66
14613006,100.0
14613007,17.51948357
14613008,9.0
14613009,629.9316733230572
14613009,629.9316733230572
14613010,4966.01
14613010,3863.0
14613010,24892.88
14613013,996.5122072745392
14613019,56052.89877895308
14613021,7972.09765819
14613022,917.21733829
14613022,1956.504468
14613022,2300.0
14613022,940.39305702
14613022,14199.0
14613022,2620.0
14613022,3185.531
14613024,9994.350793
14613028,99.0
14613028,996.5122072745392
14613029,16990.0
14613031,66369.363992
14613034,15.0
14613038,605.36
14613045,3551.73
14613046,270.83689235836556
14613048,10.0
14613049,14000.0
14613051,278.67508341920984
14613055,2007.7664143
14613055,2012.882659
14613063,925.0
14613069,13799.929906
14613069,205.90824156611706
14613070,15289.999090057992
14613082,100.0
14613090,225.0
14613090,278.675083
14613091,1337.733886043907
14613099,4979.208371370137
14613107,13802.929906
14613111,225.0
14613116,1769.322460209488
14613125,13902.929906
14613127,15.0
14613146,4979.208372
14613154,9929.254689734948
14613155,4.0
14613178,10000.0
14613183,2808.2690306414456
14613184,117485.45185
14613187,662.55107125
14613188,1500.0
14613195,2808.0
14613207,1337.733886043907
14613208,15289.676103
14613212,0.0019198594519875
14613220,17982.0
14613234,17.11012597
14613235,1.0
14613240,17981.00000058456
14613241,200.0
14613245,268.0
14613248,9.0
14613261,27540.961835353428
14613262,9971.084
14613262,17289.57
14613262,268.0
14613262,1263.4293809310655
14613263,9946.29302364177
14613267,24917.47
14613272,10.0
14613281,40992.363268433255
14613281,59.81012481075534
14613281,3700.0
14613298,27540.961835353428
14613299,19.0
14613303,59.81012481075534
14613304,30042.26664241298
14613304,30042.26664241298
14613304,30042.26664241298
14613304,30042.26664241298
14613308,47.0
14613314,10.0
14613314,19.0
14613322,50.0
14613323,47.0
14613328,19597.255897094994
14613334,1.0
14613334,9940.85
14613338,19.0
14613344,50.85017434841531
14613344,0.44493902554863396
14613344,50.40523532286667
14613344,100.0
14613350,37879.38696
14613354,6366.873257548894
14613356,6360.506383
14613365,50.0
14613381,37879.38696
14613384,1567.0098753165482
14613385,100.0
14613387,19923.286813785886
14613401,41.37564028
14613419,41.37564028
14613420,49.0
14613423,62156.629041
14613431,49853.898349
14613432,599.0
14613435,846.404785
14613438,9025.050120854074
14613438,9025.050120854074
14613438,5.0
14613444,124.28635113877917
14613447,49897.898349988434
14613447,856.404785
14613448,599.0
14613452,100751.8127460619
14613454,100751.8127460619
14613459,100.0
14613484,10.0
14613491,19823.286814
14613493,3480.00000074
14613500,3480.00000074
14613504,499.0
14613508,3877.961068
14613515,10964.083646719366
14613520,499.0
14613522,4014.225693848959
14613534,946.51
14613541,10000.0
14613553,946.51
14613560,10000.0
14613582,2900.0
14613582,2900.0
14613584,1000.0
14613585,72.7
14613595,151.47171168
14613597,249850.0
14613598,34389.0
14613611,10964.08364728558
14613627,494.34969062119563
14613627,490.0241308282602
14613627,4.3255597929354614
14613629,190.0
14613633,14432.28
14613641,49818.592924489276
14613641,49818.592924489276
14613641,49818.592924489276
14613641,49818.592924489276
14613641,49818.592924489276
14613641,284239.0
14613643,17289.57
14613648,4000.0
14613655,2470.0
14613665,190.0
14613670,255.57060456611705
14613672,1492.811994
14613710,146.84
14613712,298.75552471344974
14613716,2253.591853602388
14613716,2253.591853602388
14613716,543.34768
14613723,48964.64462837294
14613727,529.28280966
14613735,3465.0
14613752,298.7555250777767
14613765,87.07
14613771,89.68609865
14613788,1001.302428
14613795,92.76099909
14613799,1001.302428
14613799,1001.302428
14613804,92.760999
14613808,996.4916978254992
14613822,55381.138815500584
14613822,55381.138815500584
14613826,3465.0
14613827,1089.0
14613831,996.4916978254992
14613838,15948.29
14613838,3475.2409574931658
14613843,3475.2409574931658
14613850,3475.2409574931658
14613859,1000.0
14613866,49.0
14613889,146.47843866
14613889,2808.0
14613889,9950.85
14613889,221.05668419
14613895,31.0
14613920,89.68609865
14613931,47000.0
14613939,89.68609865
14613939,47000.0
14613950,1.3357121581671256
14613953,1499.06286452
14613960,5792.74707149
14613960,242.566055
14613966,30.0
14613966,29.7375
14613966,0.2625
14613980,1000.0
14613980,991.25
14613980,8.75
14613999,57048.89352469
14614007,146.84
14614012,45324.42653619237
14614023,28856.250583507597
14614023,28603.758390901905
14614023,252.49219260569149
14614026,146.84
14614031,599.0
14614036,44684.98883798089
14614037,25000.0
14614037,25000.0
14614041,5.9
14614042,1000.0
14614042,1000.0
14614045,10.0
14614047,44995.648155677976
14614051,599.0
14614058,4983.61784183795
14614058,2494.6030030486345
14614058,2489.0148387893155
14614066,1.0
14614067,7123.3210061824475
14614067,1000.0
14614070,7116.197684
14614070,118.65571695839556
14614071,8598.036387006941
14614072,10487.02274487219
14614074,10000.0
14614074,10000.0
14614080,1000.0
14614082,15004.81903472801
14614086,9992.372511780177
14614094,44.250889479399525
14614094,44.250889479399525
14614096,1.80225266
14614100,10723.0
14614102,10.0
14614105,2050.276320171575
14614105,17.942934518206197
14614105,2032.3333856533689
14614130,8063.928
14614145,10477.022744
14614147,899.0
14614149,13525.707266651683
14614158,919.5961088242684
14614159,999.0
14614170,13525.707266
14614171,19980.0
14614180,49040.91
14614199,45472.686441981015
14614201,9.0
14614201,70918.0
14614212,689.78
14614214,1089.0
14614220,1499.06286452
14614229,23978.699581
14614234,4624.35
14614247,15958.29
14614248,15004.81903472801
14614258,1110.897
14614292,6877.558527
14614292,6916.136306565079
14614294,23987.699581
14614296,309.0
14614300,21060.572495898392
14614319,8063.928
14614325,10000.0
14614336,10000.0
14614338,8063.928
14614342,769.9997379067131
14614358,10733.0
14614360,15342515.0
14614362,20867.27811840221
14614362,20867.27811840221
14614363,2180.392267217091
14614367,149.0
14614369,12018.341386
14614374,10036.982104666758
14614374,10036.982104666758
14614375,1192.973643180634
14614375,2564.8755213496925
14614377,12049.626590382399
14614379,17541.53467802253
14614379,17541.53467802253
14614386,925.7721587889959
14614387,9969.096
14614391,12129.801376088119
14614398,21060.572495898392
14614398,21060.572495898392
14614400,105.0
14614400,105.0
14614401,4999.995
14614411,4999.995
14614424,73158.08979259738
14614424,73158.08979259738
14614424,16166.33094
14614433,248973.99137032
14614438,10.0
14614438,919.1445441562987
14614439,4624.35
14614446,5.0
14614457,424.66138972
14614463,424.66138972
14614467,1789.744441
14614467,248968.99137
14614476,7503.14055
14614476,7548.933743284254
14614496,1789.744441
14614501,94.82973983007808
14614512,1976.0141839530565
14614513,777000.0
14614524,8767.738521
14614524,8829.039665530958
14614526,6977.671
14614529,94.81342857439935
14614537,24761.102209160897
14614537,24761.102209160897
14614537,14194.66829
14614544,4000.0
14614552,5485.633503716726
14614557,47.00969861
14614557,1000.0
14614565,3000.0
14614568,20079.9
14614573,1000.0
14614587,9990.0
14614590,20079.9
14614592,105.495352
14614605,777000.0
14614642,119627.0924040099
14614642,119627.0924040099
14614672,42000.0
14614680,21928.224564550568
14614682,9990.0
14614706,5460.238734370197
14614706,5460.238734370197
14614710,42000.0
14614710,42000.0
14614712,2063.4475020041036
14614717,50000.0
14614718,9966.435687814477
14614718,9966.435687814477
14614719,1892.265736
14614723,94.47240456240222
14614725,1021.62359728
14614733,210.624946
14614733,50.0
14614736,94.47366901228324
14614740,12487.5
14614740,94.82754347866148
14614755,5517.8350483659
14614755,5517.8350483659
14614755,50000.0
14614770,46861.76898735346
14614770,46861.76898735346
14614770,11176.76893
14614770,21878.224565
14614776,90.0
14614776,130614.0
14614776,10721.65
14614779,2492.97
14614781,609.2375930592119
14614797,74.5
14614799,9966.435687
14614803,25779.85819548
14614840,94.5371891776525
14614869,72917.0
14614890,12487.5
14614890,1892.265736
14614890,10721.65
14614896,25869.85819548
14614904,1989.9279893835403
14614914,3325.808665376707
14614928,997400.4348783676
14614936,1.0
14614937,10628.550605705634
14614937,10628.550605705634
14614939,17.110125
14614940,997399.4348783676
14614944,1079.8292969044837
14614944,1079.8292969044837
14614944,323.9487890713451
14614944,325.912043707046
14614944,649.8608327783911
14614945,3325.808665
14614951,130614.0
14614951,2492.97
14614957,6004.0
14614974,7120.220113
14614977,567.9539746354768
14614977,1021.62359728
14614977,210.624946
14614990,190702.0
14614995,100.0
14615006,190702.0
14615025,1000.0
14615034,500.0
14615053,2500.0
14615075,832.4770577342296
14615075,825.1928834790551
14615075,7.284174255174509
14615075,2600.0
14615088,39998.973865676104
14615090,6979.063
14615099,2700.0
14615106,33910.49641670499
14615113,100.0
14615118,2886.006523
14615128,732.1001911182409
14615128,6.405876666784276
14615128,725.6943144514565
14615133,1570.0
14615137,39898.973865
14615139,72917.0
14615154,1100.0
14615155,1098.8086866598715
14615157,4828.5
14615162,499.0
14615177,504.0
14615182,499.0
14615201,33910.49641670499
14615208,255.01743432087434
14615211,4.0
14615211,1570.0
14615211,5721.25324
14615227,418581.0
14615236,133449.85128694045
14615237,249.6734165563936
14615240,75000.0
14615252,418581.0
14615252,32.56833956
14615260,5650.0
14615261,1800.198
14615264,19093.0
14615266,5650.0
14615268,4983.058
14615268,4828.5
14615269,2304.198
14615269,7452.693174
14615269,1408.59
14615269,0.19450774
14615270,19061.161282836256
14615270,996.1394956222452
14615271,33910.49641670499
14615277,101276.8210183316
14615278,1998.38369655
14615279,58449.851287
14615297,249.6734165563936
14615313,9968.102
14615325,10.0
14615334,1408.59
14615341,886201.3004917421
14615341,886201.3004899883
14615343,5650.0
14615345,29.895366218236173
14615346,5617.67610366
14615349,100.0
14615350,5650.0
14615355,5617.67610366
14615360,614.0
14615363,29.895366218236173
14615372,7500.0
14615374,12300.519698
14615385,13895.1838
14615391,7500.0
14615392,1998.383696
14615394,607.62400718
14615425,14194.670842156358
14615434,8784.207
14615445,56.65135123
14615447,53.65411988
14615449,8784.207
14615450,14240.853547
14615450,14362.14364490432
14615453,9942.97610648958
14615453,9942.97610648958
14615462,500.0
14615467,90.0
14615470,607.6240081258939
14615470,602.3072980547923
14615470,5.316710071101571
14615472,196.60240861639315
14615472,196.60240861639315
14615472,100205.16936376927
14615472,100205.16936376927
14615472,100205.16936376927
14615472,100205.16936376927
14615472,100205.16936376927
14615480,500.0
14615480,53.65412
14615490,67131.0
14615493,190695.0
14615496,0.3693
14615496,36.5607
14615496,36.5607
14615500,190695.0
14615509,146.47843866
14615511,7452.693174
14615515,498.54206415
14615518,6978.367
14615520,146.47843866
14615523,71224.638794
14615528,100.0
14615536,2137.0362851792356
14615551,495.89
14615555,1078.92
14615557,1078.0
14615561,2137.036285
14615566,25003.591282390444
14615566,25003.591282390444
14615566,25003.591282390444
14615568,25003.591282390444
14615573,8716.58927338488
14615573,8716.58927338488
14615573,8716.58927338488
14615573,8716.58927338488
14615573,8716.58927338488
14615573,7720.248457063714
14615573,7720.248457063714
14615573,7720.248457063714
14615573,7720.248457063714
14615573,7720.248457063714
14615573,5165.935981358302
14615573,5165.935981358302
14615573,5165.935981358302
14615573,5165.935981358302
14615573,5165.935981358302
14615581,1.0000005944315604
14615583,250000.0
14615584,67221.0
14615586,250000.0
14615588,14650.0
14615592,500000.0
14615594,150000.0
14615606,100.0
14615614,1.0000005944315604
14615624,7689.27
14615642,487.14640415
14615645,14650.0
14615648,214.0
14615651,5733.521819809683
14615651,5733.521819809683
14615651,5733.521819809683
14615651,10.41396509
14615680,54.0
14615680,3043.008308642681
14615686,7689.27
14615691,499.0
14615691,9990.0
14615693,3043.008308642681
14615694,54.0
14615705,9990.0
14615708,9962.72
14615713,20000.0
14615728,3737.434437
14615731,14957.057305364458
14615737,5733.521819809683
14615737,5733.521819809683
14615739,89.35
14615745,13492.607996519853
14615753,487.146404
14615757,11416.21044116405
14615757,499.0
14615762,6979.063
14615763,11338.109036288683
14615770,9962.720000847801
14615775,6057.08685
14615775,214284.70216654922
14615775,214284.70216654922
14615775,214284.70216654922
14615775,214284.70216654922
14615775,214284.70216654922
14615780,990.26
14615780,981.595225
14615780,8.664775
14615780,20000.0
14615783,9962.720000847801
14615787,6057.08685
14615791,1000.998
14615792,999.0
14615793,6979.063
14615793,90273.0
14615795,10628.550605
14615800,13886.1
14615800,100.0
14615803,12300.519698
14615805,8511.891767142224
14615805,149990.0
14615805,1000.998
14615807,14885.100000010918
14615808,7538.859682542932
14615815,19.0
14615837,8333.658097
14615843,8789.709185696374
14615852,9808.15928215
14615860,502918.696141
14615866,2818.7053530202234
14615866,2818.7053530202234
14615870,9969.096
14615872,502918.696141
14615875,1707.608695
14615876,240000.0
14615880,999.376811
14615880,15373.322775546574
14615881,498750.0
14615882,40949.93
14615884,170345.0
14615894,14500.0
14615894,92.811994
14615897,1723.088985181893
14615898,45.0
14615908,9000.0
14615908,99.0
14615911,997.5062344139651
14615919,90273.0
14615922,1400.0
14615924,9966.115
14615928,99.0
14615928,997.5062344139651
14615928,42.32752703
14615929,1876.3942163435702
14615929,1876.3942163435702
14615931,4974.851236294359
14615931,4974.851236294359
14615931,4975.043095155611
14615932,279952.42376558605
14615933,10.0
14615936,4200.795
14615942,279952.42376558605
14615951,4200.795
14615954,170345.0
14615954,214.0
14615954,9897.50928215
14615954,10760.483513
14615954,999.376811
14615960,9966.115
14615960,2500.0
14615966,11000.0
14615970,8622.016054597842
14615971,100.0
14615974,8613.394037
14615975,53252.94096833651
14615975,35.068541255958024
14615975,53217.87242708055
14615975,53217.87242708055
14615975,53217.87242708055
14615985,6014.0
14615985,495.89
14615991,10.0
14615991,99.75062344
14615995,7857.516559
14615995,7907.776460270694
14615996,229.0
14616007,229.0
14616007,138.50444927744363
14616007,138.50444927744363
14616009,4975.043095
14616011,324.172
14616014,270.181348255596
14616018,13097.575684
14616018,13223.58522808025
14616018,3891.0
14616020,100.0
14616024,14972.469406217417
14616024,14972.469406217417
14616028,1.0
14616030,1.0
14616031,29.0
14616031,99.0
14616031,440429.8
14616040,3737.434437
14616041,61252.7962798212
14616041,93389.0
14616045,93389.0
14616046,5931.401242
14616046,61252.79628
14616048,99.0
14616049,1.0
14616052,681.8377789830064
14616053,7870.553168488999
14616053,1592.406
14616053,109994.23197362627
14616055,15000.0
14616058,6043.95
14616062,7862.682614
14616063,10950.0
14616064,1093.905
14616067,497.91657541
14616067,978.39381617
14616068,18194.287995402472
14616070,4821.003957116592
14616070,12987.0
14616071,3104.5774595286894
14616073,6043.95
14616073,682.4
14616075,5042.6455239
14616075,1592.406
14616075,1093.905
14616080,3901.0
14616080,13016.000000678407
14616081,47952.0
14616084,42.32752703
14616090,7599.070502016609
14616093,7591.471431
14616105,2.30024078
14616105,10000.0
14616106,47952.0
14616106,42.32752703
14616109,55094.266643
14616120,14600.0
14616126,29170.8
14616138,2638.735834
14616153,40624.48267960957
14616154,497.916575
14616159,7155.058161238572
14616159,40624.482679
14616161,7147.903102
14616161,417.0
14616168,12820.54
14616178,5994.0
14616179,417.0
14616179,488.77805486
14616179,50.08
14616179,299.25187032
14616182,7372.61
14616184,15485.385307
14616184,15621.197733636951
14616184,14600.0
14616184,2362.768724361109
14616184,2362.768724361109
14616184,338.72926684841485
14616184,2.96388108492363
14616184,335.7653857634912
14616198,2638.735834
14616199,626.67
14616200,440429.8
14616203,1856.7117219941938
14616208,5994.0
14616211,7992.0
14616213,529.2
14616215,7992.0
14616226,626.67
14616228,5982.226955942563
14616236,5982.226956
14616236,196357.0
14616236,249850.0
14616237,249849.0
14616238,36510.0
14616240,249847.0
14616241,219293.0
14616244,2146.0
14616247,499.0
14616251,9925.1688887448
14616271,200999.99172754784
14616288,100.0
14616303,2674.07685361
14616312,15000.0
14616313,8023.666822769114
14616317,29570.4
14616317,8015.643155
14616319,820.25253407
14616320,3155.06016
14616330,19980.0
14616332,4.0
14616342,5488.15
14616343,15.0
14616350,61.338942766836766
14616350,61.338942766836766
14616352,9.0
14616361,1119.50440439
14616370,33.38494252
14616371,24975.0
14616381,677.98
14616385,24973.9462946372
14616386,3103.2241436980667
14616392,15.0
14616399,6419.574
14616407,433.644
14616409,200899.99172754784
14616410,8606.956930351835
14616411,7969.702826607408
14616411,26384.574
14616413,8598.349973
14616413,7961.733123
14616414,7958.836248623178
14616416,311.58830575
14616416,5488.15
14616418,7699.336797008966
14616418,7177.276169711369
14616422,77630.0
14616423,7950.877411
14616423,26399.574
14616427,967.149495
14616429,10217.229246942596
14616429,10217.229246942596
14616433,311.58830575
14616433,1754.0
14616441,99.0
14616441,2.0
14616443,61.338942766836766
14616444,7699.336797008966
14616444,7631.967600035137
14616444,67.36919697382845
14616448,10.0
14616452,9955.40443197
14616452,1754.0
14616454,10009.98
14616460,109.57175387173177
14616463,11685.467518612028
14616463,11685.467518612028
14616463,80006.55604357013
14616465,10009.98
14616466,110.0
14616475,5047.650593099361
14616475,5288.4785087495975
14616475,99.0
14616475,110.0
14616477,11761.005487
14616478,49816.23978426049
14616488,9967.996093917332
14616490,10009.98
14616492,200999.99172754784
14616492,1856.7117219941938
14616493,11.46447812
14616496,996759.1394192588
14616500,11685.467518612028
14616500,11583.219677824172
14616500,102.24784078785524
14616500,29967.003
14616500,10.62
14616501,20.32820262
14616503,5047.650593
14616506,3155.06016
14616507,10217.229246942596
14616507,10217.229246942596
14616507,2774.07685361
14616512,29967.003
14616514,1340.09387
14616522,20.328202
14616527,56763.43891070014
14616527,199163.62901814393
14616527,286822.05652566784
14616527,394302.87894096173
14616527,1111248.148098985
14616527,1991536.7125837586
14616527,1991536.7125837586
14616527,56763.43891070014
14616527,4965.0
14616531,210451.0
14616534,261546.03029122343
14616534,261546.02767576315
14616534,10.0
14616535,77535.79552881118
14616542,36143.2990133456
14616548,200964.17849636675
14616548,803712.0296822126
14616548,71.97430399987093
14616548,1004604.2338745795
14616548,1004604.2338745795
14616548,800976.1134868399
14616548,800976.1134868399
14616552,8791.2
14616556,209781.94519055405
14616556,209781.94309273458
14616560,0.9698275862
14616560,96.0129310338
14616560,96.0129310338
14616560,8472.334
14616562,9.89711757971334
14616567,8791.200000312485
14616569,182.02
14616574,9955.40443197
14616581,179383.99178569
14616598,4994.51
14616600,6540.0
14616607,1449.0879507510547
14616607,1449.0879507510547
14616607,59.64170274500391
14616609,810.46
14616610,9476.08
14616623,75940.0
14616632,6540.0
14616636,199.0
14616636,1322373.4225656947
14616636,1321517.262569782
14616637,30.0
14616646,335.7653857634912
14616649,179383.99178569
14616655,1321517.262569782
14616655,1322373.4225656947
14616662,199.0
14616662,199.0
14616663,374133.5254141877
14616663,374133.5254141877
14616663,102054.93789
14616663,1970.0
14616670,268.67
14616673,4996.103570025061
14616681,24926.937866
14616681,1970.0
14616685,5103.090067170119
14616686,129.76558603
14616687,23828.454333340156
14616687,1000.0
14616692,10011.3528916541
14616692,24926.937866
14616692,24926.937866
14616694,1491.377154
14616697,5393.205179
14616697,4998.0
14616698,5102.0
14616701,810.46
14616706,50.0
14616724,250000.0
14616728,250000.0
14616731,19991.36
14616731,375000.0
14616731,125000.0
14616741,4979.581723
14616753,1063.45
14616755,15971.54
14616756,986.73
14616763,10.0
14616765,49.0
14616777,19991.36
14616777,500.0
14616778,5.0
14616785,49.0
14616785,5000.517366
14616791,175900.0
14616794,129.765586
14616799,5001.517366
14616803,4990.227318
14616804,1.0
14616815,1449.08795
14616821,500.0
14616821,398.6753542444488
14616821,398.6753542444488
14616830,9997.957603294615
14616832,398.675354
14616834,312.24005454
14616837,116.0
14616853,10.0
14616854,312.240054
14616859,10.159865569688021
14616859,0.08889882373477019
14616859,10.070966745953251
14616863,5859.1
14616863,10.0
14616865,16001.082292848801
14616865,375.4914390004534
14616867,10.0
14616868,1354.4
14616871,14925.0
14616877,4980.227318
14616889,17.502393142699574
14616889,17.502393142699574
14616893,382.2714390004534
14616894,998900.1
14616895,1354.4
14616896,996.72509544
14616899,4990.227318
14616903,5015.769196
14616906,2390.0
14616906,14925.0
14616917,998900.1
14616917,2702.754181784379
14616917,23.649099090613316
14616917,2679.105082693766
14616921,21267.478633035804
14616926,30.0
14616927,44480.09420097818
14616930,5025.769196
14616930,16001.54
14616940,30.0
14616944,3496.5
14616944,3483.3668853394415
14616947,996.725095
14616953,2679.105082693766
14616953,2679.105082693766
14616953,44.85418337
14616954,9476.08
14616961,1040.0
14616962,617.2573360186628
14616969,1723.088985
14616973,4995.0
14616976,24882.304732
14616981,1040.0
14616986,1.0
14616986,0.99125
14616986,0.00875
14616993,156736.95
14616995,599022.3468554221
14616995,599012.8441312254
14616995,8000.0
14616996,16000.082292848801
14616996,15860.081572786374
14616996,140.000720062427
14616999,4079.66
14617003,10.0
14617009,156736.95
14617019,986.73
14617021,74765.59146830386
14617021,653.7156027146553
14617021,74111.8758655892
14617029,4995.0
14617033,8000.0
14617040,1000.0
14617044,75.0
14617044,99687.06236782901
14617044,897233.9490441398
14617044,0.5861075748799606
14617044,996920.425304394
14617044,996920.425304394
14617044,4995.0
14617045,74111.875866
14617049,199.0
14617049,50.0
14617049,400000.0
14617054,400000.0
14617055,196920.0
14617060,75.0
14617062,79006.556044
14617065,3970.0
14617070,9520.47
14617070,908.14962594
14617075,10.0
14617076,9520.47
14617076,908.149625
14617078,4079.66
14617078,24882.304732
14617078,44480.09420097818
14617084,3970.0
14617085,4987.544
14617089,3095.96300317
14617096,79495.89329430425
14617096,17.726538186339965
14617096,79478.1667561179
14617096,79478.1667561179
14617096,695.4339591160317
14617096,78782.73279700188
14617102,3095.96300317
14617104,78782.732797
14617105,2122.0
14617105,2122.0
14617111,1487.05
14617111,124.23788823
14617119,10065.54799824953
14617119,10065.54799824953
14617127,1129.0
14617134,107742.54523365399
14617138,599.0
14617140,18.43
14617142,1129.0
14617142,107743.0
14617146,599.0
14617150,3911.58528679
14617151,276505.210109
14617151,178101.0
14617155,6330.46708086
14617163,276505.210109
14617163,165903.1260654
14617163,110602.0840436
14617189,473.39408968
14617190,4000.0
14617196,300.0
14617201,300.0
14617201,300.0
14617203,996920.0
14617203,1487.05
14617203,5142.39614734
14617203,124.23788823
14617205,677.98
14617206,14925.0
14617214,175.0
14617217,5030.420646
14617220,1984.0
14617223,4.0
14617226,620.0
14617228,99.0
14617236,2982.09
14617240,99.0
14617240,2200.0
14617245,21549.530031
14617251,886.32463694
14617256,45.0
14617259,21549.530031
14617263,10.0
14617266,175.0
14617272,1370.0656602983597
14617272,1370.0656602983597
14617272,126820.310996
14617272,5521.290636545923
14617273,40.0
14617273,18.43
14617274,16529.267138466665
14617279,59940.0
14617284,2200.0
14617285,144.0
14617286,19332.937757
14617286,1.0
14617286,17841.63611990991
14617286,35549.0
14617287,3013.469714658627
14617292,1.0
14617293,660.0
14617295,14919.454168041708
14617295,59940.0
14617295,144.0
14617301,126820.310996
14617303,18.858519
14617309,8202.72
14617311,3911.585287
14617319,9.50245183
14617319,16529.267138
14617331,620.0
14617345,4587.705549
14617347,285.3646197
14617352,1292.141737
14617352,10.0
14617361,23889.94
14617361,1990.0
14617363,12129.801376
14617363,23889.94
14617372,10450.0
14617379,5521.290637
14617379,7998709.708130999
14617381,149.0
14617384,98751.15
14617384,4000.0
14617389,204.0
14617394,98751.15
14617401,149.0
14617402,14000.0
14617406,10787.963573
14617407,10879.099818159648
14617407,10000.0
14617407,10000.0
14617409,0.9965062502608794
14617411,5039.359138
14617412,1255.09302742
14617415,275.3380202079013
14617416,98751.15
14617418,19846.245421832387
14617418,203.0
14617418,153.879622971507
14617421,53.76183358
14617427,1990.0
14617439,189.83
14617441,856896.2405869049
14617441,856896.2405869049
14617441,856896.2405869049
14617443,14925.0
14617444,19361.843105
14617444,19643.25695258358
14617448,10450.0
14617449,9926.6947732647
14617449,9926.6947732647
14617450,11120.596459933884
14617451,10000.0
14617451,10000.0
14617453,11109.475862
14617461,2947.683978356304
14617464,529.2
14617464,1255.09302742
14617465,930.33771377
14617465,1292.141737
14617469,13580.116515166916
14617469,64.78399211260088
14617471,13566.536398
14617484,434.055040944442
14617488,856896.0
14617491,1004.994
14617495,21148.16473
14617495,21481.974819560535
14617496,3981.0
14617496,856896.0
14617498,9926.752958833267
14617499,310.0
14617500,13651.021199743589
14617500,4995.0
14617500,1004.994
14617504,13637.370177
14617508,17500.0
14617508,17500.0
14617518,4995.0
14617519,310.0
14617519,878263.67610366
14617520,498.25610364
14617520,2947.6839785812504
14617523,9.0
14617531,4132.913648
14617533,38829.092254500625
14617537,9782.308486791682
14617539,38829.0
14617540,9772.526177
14617546,38829.0
14617549,4132.913648
14617559,9213.65418642118
14617559,9213.65418642118
14617571,41.85351271
14617577,9213.654186654605
14617577,9133.034712521378
14617577,80.6194741332278
14617584,299.0
14617588,41.85351271
14617601,84269.22642
14617605,498.25610364
14617606,984.099547
14617608,249151.155658
14617608,165694.14
14617609,8567.369164
14617609,8622.952840042153
14617609,102.5892063391556
14617609,102.5892063391556
14617612,17548.87527190648
14617614,28644.949438
14617614,28846.39744642791
14617614,249450.155658
14617615,3981.0
14617616,19804.537361567036
14617616,19804.537361567036
14617618,179218.1590912471
14617620,61854.032157
14617620,67862.78833521166
14617620,67862.78833521166
14617621,2190.7079139875523
14617624,27934.411832423826
14617624,27934.411832423826
14617627,10433.66151
14617627,10297.435250963368
14617629,1897.7720364435258
14617631,7666.35787
14617631,329.0
14617631,7714.29236188979
14617635,15042.650325878129
14617635,15042.650325878129
14617646,249450.155658
14617647,8314.848437430242
14617650,8259.406788
14617651,10003.786618845043
14617651,9991.356776849427
14617651,9991.356776849427
14617653,17108.47217
14617653,17197.014923670504
14617653,1143.7695109315362
14617654,329.0
14617658,99.0
14617658,1984.0
14617665,84269.22642
14617672,92.0
14617672,1984.0
14617673,99.0
14617678,10058.855340755705
14617678,10058.855340755705
14617679,1340.4
14617682,4.0
14617685,92.0
14617700,10.0
14617701,84269.22642
14617701,45.5
14617713,10041.19159058259
14617713,10041.19159058259
14617717,1143.7695110318252
14617720,90.0
14617721,94904.741431
14617731,24900.0
14617731,1017.36
14617743,94904.741431
14617749,109894.995
14617749,19636.00000029
14617750,12599.954425163665
14617750,12599.954425163665
14617756,1017.36
14617762,10014.725742415612
14617765,10035.971908
14617765,10117.737751911474
14617767,19636.00000029
14617788,9.0
14617788,490.0
14617789,7927.926207
14617789,7980.700229210721
14617793,9504.185988842297
14617793,1.0
14617799,2308.736847179238
14617799,109894.995
14617801,153.87612959711436
14617805,40076.00964775822
14617805,2982.09
14617808,5000.0
14617821,329.0
14617823,100.0
14617824,490.0
14617829,88.8822538
14617829,88.8822538
14617840,329.0
14617841,200339.05
14617848,203.0
14617860,200339.05
14617876,2000.0724564156533
14617882,1143.7695110318252
14617884,2000.072456
14617885,251.0
14617886,61.443428426811025
14617889,15833.386969
14617895,368.6538610330432
14617895,3.225721284039128
14617895,365.42813974900406
14617897,2500.0
14617904,7909.936298
14617904,7962.643427763503
14617909,10.0
14617911,618.3280133537646
14617914,61.443428
14617922,1998.0
14617932,19.0
14617936,4495.5
14617940,4514.5
14617940,4514.5
14617946,1.0
14617956,1476.47325437
14617959,71.05746306079665
14617960,5180.749048801648
14617971,5180.749048801648
14617973,29.0
14617973,9952.720000847801
14617973,9865.633700840384
14617973,87.08630000741827
14617979,86.33565
14617988,84149.76618899853
14617988,83413.45573484479
14617988,736.3104541537372
14617989,5180.749048801648
14618005,534.33134031
14618007,796.0
14618010,6172.285221079215
14618015,604.24243627
14618017,2107.585583971211
14618018,2868.926930045115
14618028,2820.0
14618028,2107.585584
14618037,3000.0
14618040,365127.39796250535
14618056,7480.008602
14618056,21.255
14618063,1000.0
14618069,9.0
14618073,4981.580742051601
14618085,7176.691859
14618085,7224.478828487524
14618086,70.0
14618091,971.06296274
14618093,70.0
14618099,2089.624395
14618109,971.062963
14618119,3926.07
14618120,4981.580742
14618124,32261.065971783384
14618124,3955.07
14618126,9574.93657349416
14618126,678.1180931224393
14618126,678.1180931224393
14618130,9565.361636
14618133,1240.0
14618138,3955.07
14618139,12000.0
14618140,9980.0
14618150,9980.0
14618151,100000.0
14618162,1000.0
14618166,37.86
14618166,14267.92222128549
14618178,7734.581742
14618178,14785.2
14618178,7790.197208579039
14618178,190.0
14618184,7488.211834221333
14618184,7488.211834221333
14618189,1003.995
14618189,877.0
14618189,15678.897080872755
14618191,11415.453245870085
14618193,11404.037791
14618195,499573.6134950645
14618195,499573.6134950645
14618195,70100.86175
14618198,1003.995
14618201,1381.3396187578996
14618201,14785.2
14618205,599.5967395559754
14618205,599.5967395559754
14618206,225.95
14618225,599.5967395559754
14618226,40500.0
14618229,7137.834848356394
14618232,7130.697013
14618239,599.5967395559754
14618240,987.75
14618246,138.50444927744363
14618246,138.50444927744363
14618248,761.3628545625221
14618248,761.3628545625221
14618249,1111.9308938960853
14618254,14972.77
14618257,1.0
14618260,678.1180931224393
14618260,678.1180931224393
14618260,190.0
14618263,1015.0391553156842
14618278,761.3628545625221
14618280,9.0
14618286,8504.185989245852
14618286,7916.367646799868
14618294,100000.0
14618298,8350.987624626001
14618298,73.07114171547751
14618298,8277.916482910523
14618298,2117.989155315684
14618300,93.75502515193783
14618305,24975.0
14618305,15984.0
14618310,534.33134
14618313,15984.0
14618324,733.54
14618327,24975.0
14618328,92.98361474726697
14618328,0.4579789980089269
14618328,92.52563574925804
14618331,1200.79720977
14618343,9948.246872621117
14618350,69930.0
14618353,504.0
14618357,2981.84
14618358,37.86
14618360,9948.246872436917
14618364,504.0
14618382,54485.80399503052
14618382,24.546617190309526
14618382,24.546617190309526
14618383,10.0
14618395,29600.861749999996
14618401,498.007968
14618401,21.37846337
14618401,1000.0
14618416,126749.87236345522
14618432,24.546617190309526
14618432,24.546617190309526
14618448,498.007968
14618448,990.0
14618456,439297420.865102
14618463,7.0
14618465,220.71215909
14618469,439297420.865102
14618498,5846.5994257
14618498,775.2300062102447
14618502,4000.0
14618511,469.0
14618511,775.2300062102447
14618518,103537139.42378
14618524,4270.916483
14618529,775.2300062102447
14618529,469.0
14618529,103537139.42378
14618532,220.712159
14618541,4995.004995004995
14618562,4995.004995460387
14618563,945.47269018
14618584,338.038955
14618588,987.753063
14618591,10.0
14618599,789.58683121
14618599,98.76060162507542
14618599,98.76060162507542
14618604,2682.80611405
14618607,5638.394398118126
14618611,5638.3943
14618611,5638.3943
14618615,935.472691
14618630,542834560.288882
14618635,2535.90099
14618636,1308.14262037
14618642,47848.82108154703
14618642,251389.56721365097
14618642,299238.388295198
14618642,299238.388295198
14618642,502038123.40985316
14618642,502038123.40985316
14618642,502038123.40985316
14618642,502038123.40985316
